"Data","Último","Abertura","Máxima","Mínima","Vol.","Var%"
"04.01.2021","21,40","21,42","22,04","21,40","165,60K","0,00%"
"05.01.2021","22,00","21,42","22,00","20,59","246,80K","2,80%"
"06.01.2021","22,26","22,00","22,56","21,83","371,20K","1,21%"
"07.01.2021","22,68","22,60","23,24","22,26","442,80K","1,88%"
"08.01.2021","22,17","22,94","22,94","22,17","1,67M","-2,26%"
"11.01.2021","22,68","22,24","22,85","22,08","330,40K","2,32%"
"12.01.2021","23,29","22,68","23,61","22,68","612,80K","2,68%"
"13.01.2021","23,24","23,48","23,97","23,02","247,60K","-0,22%"
"14.01.2021","23,92","23,25","23,92","23,25","254,70K","2,91%"
"15.01.2021","23,11","23,81","23,81","22,82","248,60K","-3,36%"
"18.01.2021","23,10","23,15","23,71","22,98","185,90K","-0,04%"
"19.01.2021","22,43","23,24","23,45","22,14","252,80K","-2,89%"
"20.01.2021","22,80","22,63","23,17","22,46","198,10K","1,64%"
"21.01.2021","22,61","22,81","23,08","22,37","186,20K","-0,86%"
"22.01.2021","22,59","22,34","22,59","21,75","326,10K","-0,08%"
"26.01.2021","22,77","22,25","22,96","22,25","245,70K","0,80%"
"27.01.2021","22,02","22,78","22,78","21,97","243,10K","-3,27%"
"28.01.2021","22,39","22,05","22,57","22,01","159,60K","1,67%"
"29.01.2021","22,07","22,38","22,63","21,83","188,40K","-1,45%"
"01.02.2021","22,68","22,37","22,94","22,25","351,70K","2,79%"
"02.02.2021","22,07","22,89","23,43","22,07","582,00K","-2,72%"
"03.02.2021","21,36","22,29","22,61","21,26","1,34M","-3,22%"
"04.02.2021","20,54","20,97","21,10","20,11","1,96M","-3,81%"
"05.02.2021","20,35","20,67","20,73","19,58","1,77M","-0,92%"
"08.02.2021","20,54","20,42","20,89","20,17","1,36M","0,93%"
"09.02.2021","20,50","20,55","20,63","20,12","675,30K","-0,21%"
"10.02.2021","19,77","20,41","20,45","19,41","943,60K","-3,55%"
"11.02.2021","19,80","19,99","20,01","19,71","492,30K","0,13%"
"12.02.2021","19,69","19,80","19,96","19,59","737,50K","-0,56%"
"17.02.2021","19,43","19,73","19,89","19,26","579,00K","-1,30%"
"18.02.2021","19,26","19,45","19,73","19,14","712,20K","-0,88%"
"19.02.2021","19,39","19,26","19,66","19,04","686,50K","0,67%"
"22.02.2021","19,47","19,12","19,49","18,87","878,10K","0,44%"
"23.02.2021","19,60","19,53","19,63","19,06","1,05M","0,66%"
"24.02.2021","19,87","19,62","20,29","19,47","1,24M","1,35%"
"25.02.2021","19,45","19,88","20,05","19,34","529,80K","-2,11%"
"26.02.2021","18,84","19,46","19,69","18,63","875,00K","-3,12%"
"01.03.2021","19,33","19,05","19,45","18,87","659,30K","2,59%"
"02.03.2021","19,57","19,17","19,58","18,85","656,60K","1,24%"
"03.03.2021","19,63","19,56","19,63","18,87","458,20K","0,31%"
"04.03.2021","19,56","19,63","19,93","19,26","436,00K","-0,35%"
"05.03.2021","19,99","19,56","20,00","19,30","283,60K","2,19%"
"08.03.2021","19,69","19,82","20,54","19,35","1,05M","-1,50%"
"09.03.2021","19,22","19,80","19,80","19,04","630,70K","-2,35%"
"10.03.2021","19,08","19,34","19,43","18,73","589,10K","-0,76%"
"11.03.2021","18,98","19,10","19,28","18,87","406,30K","-0,54%"
"12.03.2021","18,96","19,17","19,21","18,91","241,60K","-0,09%"
"15.03.2021","19,68","18,98","19,69","18,89","325,30K","3,79%"
"16.03.2021","19,64","19,68","19,86","19,47","217,10K","-0,22%"
"17.03.2021","19,91","19,64","19,99","19,35","493,60K","1,39%"
"18.03.2021","19,38","19,94","19,94","19,23","424,30K","-2,67%"
"19.03.2021","19,56","19,26","19,88","19,26","272,10K","0,93%"
"22.03.2021","19,64","19,77","19,90","19,48","426,90K","0,39%"
"23.03.2021","19,14","19,63","19,63","19,04","238,70K","-2,53%"
"24.03.2021","19,10","19,22","19,40","18,81","608,80K","-0,22%"
"25.03.2021","18,66","19,13","19,15","18,18","612,90K","-2,29%"
"26.03.2021","18,75","18,75","19,00","18,66","437,70K","0,50%"
"29.03.2021","18,60","18,68","18,87","18,42","430,70K","-0,82%"
"30.03.2021","18,97","18,63","19,00","18,62","213,90K","1,98%"
"31.03.2021","19,45","18,97","19,58","18,83","380,20K","2,53%"
"01.04.2021","19,63","19,46","19,78","19,36","334,00K","0,92%"
"05.04.2021","19,88","19,79","19,90","19,52","1,47M","1,26%"
"06.04.2021","20,43","19,86","20,95","19,81","870,50K","2,80%"
"07.04.2021","20,29","20,54","20,89","20,23","620,00K","-0,67%"
"08.04.2021","20,67","20,53","20,89","20,37","435,90K","1,86%"
"09.04.2021","21,36","20,72","21,57","20,71","891,30K","3,31%"
"12.04.2021","21,87","21,36","22,43","21,36","1,43M","2,40%"
"13.04.2021","21,61","22,10","22,51","21,36","827,70K","-1,17%"
"14.04.2021","22,00","21,67","22,19","21,66","794,90K","1,78%"
"15.04.2021","22,68","22,02","23,00","21,83","1,47M","3,11%"
"16.04.2021","23,87","22,77","23,87","22,54","1,52M","5,25%"
"19.04.2021","25,42","23,87","25,85","23,63","2,27M","6,49%"
"20.04.2021","25,55","25,42","25,97","24,67","1,50M","0,51%"
"22.04.2021","25,94","25,56","26,39","24,92","4,77M","1,54%"
"23.04.2021","25,94","26,18","26,55","25,64","910,90K","-0,03%"
"26.04.2021","25,21","25,94","26,34","25,13","971,40K","-2,81%"
"27.04.2021","25,28","25,25","25,91","25,25","656,30K","0,27%"
"28.04.2021","26,28","25,38","26,51","25,38","909,10K","3,96%"
"29.04.2021","27,84","26,53","27,94","26,37","1,45M","5,93%"
"30.04.2021","29,49","27,87","29,78","27,87","2,94M","5,93%"
"03.05.2021","29,83","29,94","30,39","28,96","1,72M","1,16%"
"04.05.2021","29,32","29,87","30,47","29,31","1,23M","-1,72%"
"05.05.2021","30,93","29,53","30,93","29,53","1,18M","5,49%"
"06.05.2021","30,10","30,94","31,22","29,60","1,18M","-2,66%"
"07.05.2021","29,87","30,28","30,35","29,31","948,90K","-0,77%"
"10.05.2021","29,10","30,30","30,69","29,10","1,60M","-2,58%"
"11.05.2021","28,53","29,02","29,55","27,48","3,26M","-1,97%"
"12.05.2021","28,18","28,66","29,23","28,14","2,14M","-1,23%"
"13.05.2021","28,01","28,20","29,10","27,90","1,40M","-0,61%"
"14.05.2021","27,83","28,49","28,49","27,61","580,20K","-0,64%"
"17.05.2021","27,63","27,82","28,23","26,96","706,20K","-0,71%"
"18.05.2021","27,56","27,79","27,79","27,14","690,00K","-0,25%"
"19.05.2021","27,05","27,54","27,78","26,79","624,20K","-1,86%"
"20.05.2021","27,04","26,99","27,09","26,63","497,20K","-0,03%"
"21.05.2021","26,25","27,13","27,36","25,94","783,70K","-2,91%"
"24.05.2021","26,07","26,25","26,25","25,39","695,70K","-0,68%"
"25.05.2021","25,93","26,26","26,68","25,69","754,80K","-0,56%"
"26.05.2021","26,33","25,70","26,40","25,40","836,10K","1,55%"
"27.05.2021","26,84","26,47","27,30","26,15","1,57M","1,95%"
"28.05.2021","26,96","27,13","27,43","26,35","1,02M","0,45%"
"31.05.2021","27,78","27,45","28,19","27,25","1,35M","3,02%"
"01.06.2021","28,42","27,84","28,74","27,62","1,35M","2,31%"
"02.06.2021","28,91","28,59","29,52","28,19","1,26M","1,72%"
"04.06.2021","28,72","29,07","29,60","28,44","1,15M","-0,65%"
"07.06.2021","28,94","28,85","29,33","28,48","792,30K","0,77%"
"08.06.2021","28,31","28,98","29,53","27,80","957,30K","-2,16%"
"09.06.2021","27,73","28,25","28,73","27,18","985,50K","-2,06%"
"10.06.2021","27,86","27,66","28,20","27,64","363,80K","0,46%"
"11.06.2021","27,29","27,86","27,90","27,01","441,20K","-2,06%"
"14.06.2021","27,12","27,41","27,65","26,75","405,10K","-0,63%"
"15.06.2021","28,16","27,12","28,50","26,81","919,20K","3,85%"
"16.06.2021","27,19","28,27","28,43","26,79","1,69M","-3,43%"
"17.06.2021","26,35","27,19","27,34","26,19","650,20K","-3,08%"
"18.06.2021","26,78","26,35","26,78","25,82","817,30K","1,62%"
"21.06.2021","26,35","27,05","27,10","26,21","457,10K","-1,60%"
"22.06.2021","26,38","26,29","26,67","26,11","415,60K","0,10%"
"23.06.2021","26,23","26,58","26,64","26,07","470,90K","-0,55%"
"24.06.2021","25,96","26,25","26,50","25,85","444,10K","-1,04%"
"25.06.2021","25,33","26,02","26,17","24,99","939,20K","-2,44%"
"28.06.2021","25,51","25,22","25,74","24,87","778,10K","0,71%"
"29.06.2021","25,11","25,51","25,52","24,74","676,30K","-1,54%"
"30.06.2021","25,68","25,06","26,02","24,87","1,23M","2,25%"
"01.07.2021","25,31","25,68","25,88","25,25","521,70K","-1,43%"
"02.07.2021","25,70","25,53","25,98","25,30","614,10K","1,52%"
"05.07.2021","26,62","25,90","26,69","25,77","835,10K","3,60%"
"06.07.2021","25,76","26,68","26,68","25,64","725,40K","-3,25%"
"07.07.2021","26,02","26,05","26,09","25,33","515,80K","1,03%"
"08.07.2021","25,46","25,86","25,86","25,34","435,70K","-2,14%"
"12.07.2021","24,57","25,67","25,69","24,51","1,95M","-3,53%"
"13.07.2021","24,56","24,57","24,82","24,34","703,10K","-0,03%"
"14.07.2021","24,81","24,62","25,00","24,53","329,70K","1,05%"
"15.07.2021","24,49","24,81","24,88","24,37","532,30K","-1,31%"
"16.07.2021","24,64","24,99","24,99","24,35","446,80K","0,63%"
"19.07.2021","24,27","24,39","24,51","24,05","358,20K","-1,53%"
"20.07.2021","24,35","24,27","24,49","24,10","492,50K","0,35%"
"21.07.2021","24,62","24,47","24,62","24,21","350,20K","1,09%"
"22.07.2021","24,39","24,61","24,61","24,27","305,80K","-0,94%"
"23.07.2021","24,21","24,44","24,45","24,06","253,30K","-0,70%"
"26.07.2021","24,21","24,28","24,38","23,81","360,80K","-0,04%"
"27.07.2021","24,69","24,07","24,99","24,02","674,70K","2,02%"
"28.07.2021","24,82","24,69","24,82","24,32","582,00K","0,52%"
"29.07.2021","24,89","24,82","25,23","24,48","375,50K","0,28%"
"30.07.2021","24,73","24,81","24,96","24,43","353,70K","-0,65%"
"02.08.2021","24,77","24,78","24,95","24,46","410,00K","0,17%"
"03.08.2021","24,94","24,78","24,94","24,20","570,00K","0,69%"
"04.08.2021","24,45","24,82","24,89","24,33","465,20K","-1,96%"
"05.08.2021","24,63","24,49","24,85","24,42","348,30K","0,74%"
"06.08.2021","24,75","24,58","24,99","24,50","288,30K","0,45%"
"09.08.2021","24,27","24,61","24,99","24,14","753,20K","-1,90%"
"10.08.2021","24,43","24,27","24,67","24,20","357,40K","0,63%"
"11.08.2021","24,45","24,44","24,60","24,22","206,80K","0,11%"
"12.08.2021","24,18","24,44","24,52","24,18","335,60K","-1,12%"
"13.08.2021","23,50","24,19","24,26","23,50","503,40K","-2,80%"
"16.08.2021","22,30","23,50","23,50","22,19","768,80K","-5,13%"
"17.08.2021","21,90","22,29","22,33","21,31","1,24M","-1,80%"
"18.08.2021","21,92","21,87","22,12","21,36","489,80K","0,12%"
"19.08.2021","22,48","21,52","22,76","21,41","465,40K","2,54%"
"20.08.2021","22,51","22,31","22,70","22,15","415,50K","0,15%"
"23.08.2021","22,76","22,51","23,01","22,34","665,90K","1,10%"
"24.08.2021","23,11","22,96","23,30","22,85","250,70K","1,54%"
"25.08.2021","22,97","23,00","23,37","22,83","210,70K","-0,59%"
"26.08.2021","23,09","22,96","23,39","22,77","408,70K","0,52%"
"27.08.2021","23,02","23,20","23,20","22,48","626,50K","-0,30%"
"30.08.2021","23,95","22,94","24,08","22,94","810,00K","4,01%"
"31.08.2021","23,88","23,90","24,17","23,26","1,02M","-0,29%"
"01.09.2021","25,85","25,18","26,21","25,17","2,52M","8,24%"
"02.09.2021","25,11","25,76","25,85","25,08","1,42M","-2,85%"
"03.09.2021","24,08","25,21","25,21","24,08","1,16M","-4,12%"
"06.09.2021","23,98","23,82","24,45","23,80","647,90K","-0,43%"
"08.09.2021","23,23","23,93","24,13","23,10","851,60K","-3,11%"
"09.09.2021","23,85","23,23","24,00","23,05","540,50K","2,65%"
"10.09.2021","24,39","24,20","24,61","23,76","645,50K","2,30%"
"13.09.2021","24,91","24,75","25,33","24,57","732,30K","2,11%"
"14.09.2021","24,89","24,91","25,38","24,74","560,10K","-0,07%"
"15.09.2021","24,96","24,88","25,12","24,70","560,20K","0,28%"
"16.09.2021","25,04","24,75","25,28","24,72","320,80K","0,34%"
"17.09.2021","24,86","24,99","25,16","24,57","906,00K","-0,75%"
"20.09.2021","23,75","24,39","24,57","23,66","707,40K","-4,44%"
"21.09.2021","24,15","23,98","24,39","23,81","449,20K","1,69%"
"22.09.2021","24,82","24,58","25,16","24,28","595,90K","2,76%"
"23.09.2021","25,52","25,34","25,70","24,93","617,90K","2,83%"
"24.09.2021","25,47","25,36","25,52","24,91","235,70K","-0,20%"
"27.09.2021","25,60","25,63","26,04","25,43","407,40K","0,50%"
"28.09.2021","24,99","25,64","25,79","24,81","403,90K","-2,37%"
"29.09.2021","25,72","25,05","25,76","24,59","851,70K","2,91%"
"30.09.2021","26,06","25,76","26,88","25,76","1,44M","1,33%"
"01.10.2021","26,23","26,45","27,07","25,88","898,60K","0,66%"
"04.10.2021","26,40","26,28","27,16","25,80","970,30K","0,62%"
"05.10.2021","26,41","26,58","26,84","26,17","603,80K","0,06%"
"06.10.2021","26,07","26,19","26,21","25,34","897,50K","-1,30%"
"07.10.2021","26,66","26,29","27,12","26,29","1,18M","2,27%"
"08.10.2021","27,83","28,03","28,41","27,48","1,36M","4,37%"
"11.10.2021","28,04","27,90","28,66","27,90","590,70K","0,77%"
"13.10.2021","27,82","28,09","29,32","27,73","1,18M","-0,79%"
"14.10.2021","28,04","27,71","28,54","27,71","802,40K","0,80%"
"15.10.2021","28,43","28,06","28,83","27,95","825,50K","1,37%"
"18.10.2021","28,26","28,58","29,01","28,12","880,30K","-0,57%"
"19.10.2021","27,75","28,21","28,38","27,60","677,40K","-1,82%"
"20.10.2021","26,89","27,75","27,75","26,89","792,00K","-3,08%"
"21.10.2021","25,91","26,62","26,66","25,54","1,48M","-3,66%"
"22.10.2021","25,64","25,42","25,98","24,70","1,07M","-1,02%"
"25.10.2021","26,15","25,64","26,26","25,55","825,10K","1,97%"
"26.10.2021","25,14","26,12","26,17","25,11","746,90K","-3,86%"
"27.10.2021","24,72","25,76","25,76","24,61","1,05M","-1,67%"
"28.10.2021","24,29","24,60","24,83","24,02","989,40K","-1,75%"
"29.10.2021","23,78","24,38","24,56","23,54","1,16M","-2,09%"
"01.11.2021","23,87","23,96","24,27","23,73","776,60K","0,40%"
"03.11.2021","24,50","23,84","24,53","23,53","863,70K","2,64%"
"04.11.2021","23,89","24,61","24,67","23,46","1,08M","-2,50%"
"05.11.2021","25,07","24,13","25,07","24,08","597,20K","4,93%"
"08.11.2021","26,20","25,09","26,44","24,98","1,30M","4,51%"
"09.11.2021","26,55","26,06","27,36","26,06","1,64M","1,33%"
"10.11.2021","25,96","26,58","26,60","25,75","1,27M","-2,20%"
"11.11.2021","25,97","26,35","26,47","25,88","1,07M","0,04%"
"12.11.2021","24,94","25,92","26,24","24,92","1,12M","-3,99%"
"16.11.2021","24,19","25,04","25,14","24,11","1,30M","-2,98%"
"17.11.2021","23,53","24,35","24,50","23,26","1,05M","-2,76%"
"18.11.2021","23,28","23,53","23,90","23,17","759,00K","-1,04%"
"19.11.2021","23,05","23,27","23,64","23,01","841,20K","-1,01%"
"22.11.2021","22,76","23,19","23,53","22,55","784,10K","-1,23%"
"23.11.2021","22,87","22,87","22,90","22,52","576,90K","0,45%"
"24.11.2021","23,23","22,79","23,27","22,36","787,50K","1,61%"
"25.11.2021","23,79","23,25","24,24","23,13","682,40K","2,39%"
"26.11.2021","23,15","23,20","23,22","22,62","694,60K","-2,69%"
"29.11.2021","23,03","23,36","23,69","22,91","541,50K","-0,53%"
"30.11.2021","22,16","23,07","23,07","21,92","906,70K","-3,76%"
"01.12.2021","22,08","22,39","23,06","21,87","1,08M","-0,38%"
"02.12.2021","22,30","22,29","22,58","21,87","973,10K","1,02%"
"03.12.2021","22,60","22,38","22,97","22,28","447,90K","1,35%"
"06.12.2021","22,84","22,83","23,13","22,65","535,20K","1,04%"
"07.12.2021","22,87","23,16","23,69","22,76","834,30K","0,12%"
"08.12.2021","23,62","23,07","23,81","23,01","603,50K","3,29%"
"09.12.2021","23,20","23,42","23,48","22,89","459,30K","-1,79%"
"10.12.2021","23,47","23,50","23,75","23,30","373,20K","1,18%"
"13.12.2021","24,22","23,58","24,33","23,52","528,50K","3,21%"
"14.12.2021","24,05","24,43","24,69","23,83","658,00K","-0,70%"
"15.12.2021","24,16","24,17","24,18","23,53","577,70K","0,43%"
"16.12.2021","24,85","24,19","25,59","24,19","636,80K","2,88%"
"17.12.2021","24,35","24,85","24,85","24,05","508,90K","-2,01%"
"20.12.2021","24,60","24,27","25,36","24,12","1,08M","1,01%"
"21.12.2021","25,21","24,57","25,33","24,49","570,10K","2,49%"
"22.12.2021","26,11","25,24","26,11","25,24","740,80K","3,58%"
"23.12.2021","25,94","26,12","26,35","25,85","495,50K","-0,68%"
"27.12.2021","25,99","25,94","26,29","25,75","341,20K","0,22%"
"28.12.2021","26,62","26,16","26,81","25,94","694,40K","2,43%"
"29.12.2021","26,71","26,80","27,22","26,67","481,20K","0,32%"
"30.12.2021","27,10","26,74","27,40","26,60","688,80K","1,48%"
"03.01.2022","26,70","27,26","27,64","26,50","590,60K","-1,49%"
"04.01.2022","25,79","26,87","27,16","25,69","885,00K","-3,39%"
"05.01.2022","25,88","25,80","26,64","25,38","1,31M","0,33%"
"06.01.2022","26,61","25,92","27,38","25,92","1,36M","2,84%"
"07.01.2022","26,42","26,74","26,88","26,15","515,10K","-0,74%"
"10.01.2022","26,26","26,40","26,97","26,10","370,50K","-0,61%"
"11.01.2022","26,04","26,26","26,72","25,92","409,10K","-0,82%"
"12.01.2022","26,23","25,93","26,47","25,93","416,30K","0,72%"
"13.01.2022","26,50","26,43","26,54","26,08","279,40K","1,04%"
"14.01.2022","26,52","26,18","26,76","26,15","343,70K","0,07%"
"17.01.2022","26,14","26,53","26,74","26,10","260,40K","-1,42%"
"18.01.2022","25,90","26,14","26,14","25,60","304,90K","-0,94%"
"19.01.2022","26,48","25,98","26,75","25,98","625,80K","2,25%"
"20.01.2022","26,43","26,50","27,10","26,32","651,30K","-0,18%"
"21.01.2022","25,68","26,40","26,40","25,64","388,10K","-2,85%"
"24.01.2022","24,76","25,63","25,77","24,59","504,00K","-3,59%"
"25.01.2022","25,16","24,60","25,41","24,60","405,00K","1,63%"
"26.01.2022","24,75","25,37","25,77","24,75","552,20K","-1,65%"
"27.01.2022","24,86","24,76","24,95","24,45","590,10K","0,46%"
"28.01.2022","25,45","24,62","25,65","24,62","454,30K","2,35%"
"31.01.2022","26,30","25,47","26,53","25,40","733,00K","3,37%"
"01.02.2022","27,38","26,47","27,44","26,03","1,12M","4,12%"
"02.02.2022","27,25","27,34","27,38","26,58","757,90K","-0,48%"
"03.02.2022","26,50","27,25","27,49","26,15","934,60K","-2,76%"
"04.02.2022","26,30","26,50","26,51","25,63","606,70K","-0,75%"
"07.02.2022","27,08","26,29","27,25","26,26","682,90K","2,97%"
"08.02.2022","26,93","27,03","27,03","26,57","274,30K","-0,56%"
"09.02.2022","27,77","27,06","27,86","26,76","799,60K","3,11%"
"10.02.2022","28,42","27,86","28,45","27,86","703,50K","2,34%"
"11.02.2022","28,15","28,35","28,45","27,89","831,50K","-0,96%"
"14.02.2022","28,49","28,23","28,83","28,15","696,60K","1,20%"
"15.02.2022","28,04","28,67","28,67","27,87","691,40K","-1,55%"
"16.02.2022","28,55","28,06","28,57","27,98","690,70K","1,81%"
"17.02.2022","28,86","28,51","29,01","28,04","827,00K","1,09%"
"18.02.2022","27,87","29,02","29,11","27,52","1,00M","-3,42%"
"21.02.2022","28,02","27,87","28,85","27,87","766,00K","0,51%"
"22.02.2022","28,88","28,09","28,92","27,96","733,60K","3,09%"
"23.02.2022","29,31","28,88","29,58","28,71","942,70K","1,47%"
"24.02.2022","30,50","28,96","30,58","28,43","1,15M","4,08%"
"25.02.2022","30,92","30,50","30,97","30,20","1,08M","1,39%"
"02.03.2022","31,86","31,09","32,32","30,98","1,34M","3,01%"
"03.03.2022","32,09","31,97","32,27","31,55","1,33M","0,74%"
"04.03.2022","32,16","31,82","32,46","31,80","1,28M","0,21%"
"07.03.2022","32,86","32,19","32,86","31,57","1,83M","2,20%"
"08.03.2022","31,04","32,96","33,03","30,98","1,97M","-5,56%"
"09.03.2022","31,39","31,07","31,74","30,34","1,10M","1,12%"
"10.03.2022","31,62","31,14","31,95","30,91","1,02M","0,75%"
"11.03.2022","25,01","25,55","25,68","24,79","610,40K","-20,92%"
"14.03.2022","25,07","25,04","25,50","24,54","706,30K","0,24%"
"15.03.2022","24,29","25,06","25,30","24,14","648,20K","-3,11%"
"16.03.2022","24,29","24,14","24,86","23,69","646,90K","0,03%"
"17.03.2022","25,13","24,28","25,21","24,13","851,20K","3,46%"
"18.03.2022","25,36","25,25","25,82","25,12","3,18M","0,90%"
"21.03.2022","25,54","25,36","26,26","25,36","667,00K","0,69%"
"22.03.2022","25,36","25,59","25,97","25,15","472,40K","-0,68%"
"23.03.2022","25,78","25,38","25,85","24,93","578,50K","1,64%"
"24.03.2022","24,46","25,58","25,72","24,37","1,21M","-5,11%"
"25.03.2022","24,36","24,51","24,57","23,89","993,60K","-0,43%"
"28.03.2022","24,20","24,43","24,67","23,86","787,20K","-0,62%"
"29.03.2022","24,18","24,25","24,46","23,83","951,60K","-0,09%"
"30.03.2022","24,01","24,23","24,32","23,95","498,40K","-0,69%"
"31.03.2022","24,12","24,09","24,15","23,77","568,60K","0,44%"
"01.04.2022","24,19","24,20","24,70","23,93","794,20K","0,28%"
"04.04.2022","24,37","24,23","24,45","23,55","739,30K","0,75%"
"05.04.2022","24,98","25,08","25,41","24,78","1,38M","2,52%"
"06.04.2022","25,97","25,27","25,97","24,98","1,40M","3,94%"
"07.04.2022","26,04","25,85","26,29","25,74","1,43M","0,29%"
"08.04.2022","24,92","25,73","25,73","23,97","1,91M","-4,30%"
"11.04.2022","25,28","24,87","25,68","24,71","648,10K","1,45%"
"12.04.2022","25,20","25,35","25,88","25,14","813,20K","-0,35%"
"13.04.2022","24,75","25,29","25,64","24,65","473,20K","-1,76%"
"14.04.2022","25,33","24,79","25,49","24,53","912,70K","2,34%"
"18.04.2022","26,35","25,33","26,51","25,21","922,30K","4,00%"
"19.04.2022","25,84","26,30","26,80","25,66","996,60K","-1,92%"
"20.04.2022","26,16","25,88","26,50","25,61","728,00K","1,24%"
"22.04.2022","25,75","26,23","26,23","25,60","518,10K","-1,57%"
"25.04.2022","26,04","25,63","26,23","25,10","651,40K","1,12%"
"26.04.2022","27,13","25,96","27,21","25,96","1,32M","4,17%"
"27.04.2022","27,58","27,34","27,73","27,13","841,00K","1,69%"
"28.04.2022","27,55","27,60","27,75","27,30","547,30K","-0,12%"
"29.04.2022","27,34","27,62","27,91","27,18","1,09M","-0,79%"
"02.05.2022","27,11","27,58","27,58","26,31","853,60K","-0,82%"
"03.05.2022","27,76","27,07","27,76","26,73","810,70K","2,40%"
"04.05.2022","28,17","27,71","28,17","27,44","909,10K","1,48%"
"05.05.2022","27,10","28,03","28,11","26,80","756,20K","-3,80%"
"06.05.2022","26,78","27,10","27,18","26,42","606,50K","-1,19%"
"09.05.2022","26,47","26,60","26,86","25,84","554,40K","-1,14%"
"10.05.2022","26,30","26,71","27,16","26,14","585,00K","-0,67%"
"11.05.2022","24,97","26,29","26,29","24,81","1,24M","-5,05%"
"12.05.2022","25,33","24,93","25,49","24,74","702,70K","1,45%"
"13.05.2022","25,78","25,41","26,06","25,36","541,30K","1,78%"
"16.05.2022","25,42","25,78","25,82","24,93","683,30K","-1,40%"
"17.05.2022","25,45","25,90","25,93","25,31","449,70K","0,09%"
"18.05.2022","24,63","25,43","25,73","24,49","555,20K","-3,22%"
"19.05.2022","24,80","24,63","25,19","24,28","458,60K","0,72%"
"20.05.2022","24,72","24,95","25,63","24,46","720,60K","-0,32%"
"23.05.2022","24,85","25,23","25,49","24,74","837,60K","0,52%"
"24.05.2022","25,02","24,77","25,12","24,64","699,80K","0,68%"
"25.05.2022","25,08","24,94","25,33","24,70","581,30K","0,23%"
"26.05.2022","25,28","24,98","25,49","24,95","451,10K","0,83%"
"27.05.2022","25,07","25,28","25,65","25,07","505,20K","-0,86%"
"30.05.2022","26,18","25,07","26,46","25,07","776,50K","4,43%"
"31.05.2022","25,78","26,31","26,54","25,72","1,76M","-1,51%"
"01.06.2022","25,75","26,02","26,45","25,45","819,90K","-0,12%"
"02.06.2022","26,06","25,90","26,35","25,78","625,80K","1,22%"
"03.06.2022","25,28","26,16","26,22","25,28","387,60K","-2,99%"
"06.06.2022","24,56","25,37","25,55","24,30","617,10K","-2,86%"
"07.06.2022","24,43","24,32","24,71","24,32","299,00K","-0,52%"
"08.06.2022","23,83","24,29","24,53","23,80","719,30K","-2,47%"
"09.06.2022","23,58","23,84","24,04","23,57","359,10K","-1,05%"
"10.06.2022","23,31","23,55","23,59","23,20","412,10K","-1,16%"
"13.06.2022","22,61","23,14","23,15","22,57","482,10K","-3,00%"
"14.06.2022","22,43","22,70","22,77","22,10","499,50K","-0,78%"
"15.06.2022","22,42","22,64","22,74","22,14","578,50K","-0,04%"
"17.06.2022","21,81","22,61","23,03","21,81","1,15M","-2,73%"
"20.06.2022","21,58","21,75","21,96","21,58","345,50K","-1,07%"
"21.06.2022","22,05","21,72","22,12","21,43","632,00K","2,20%"
"22.06.2022","21,18","21,91","22,20","21,05","807,50K","-3,94%"
"23.06.2022","21,04","21,22","21,27","20,56","1,11M","-0,68%"
"24.06.2022","21,03","21,14","21,34","20,85","425,90K","-0,04%"
"27.06.2022","20,97","21,17","21,19","20,92","575,50K","-0,27%"
"28.06.2022","20,80","21,19","21,31","20,60","399,20K","-0,81%"
"29.06.2022","20,48","20,84","20,84","20,30","426,10K","-1,55%"
"30.06.2022","19,61","20,46","20,46","19,61","866,40K","-4,28%"
"01.07.2022","19,60","19,61","19,94","19,38","868,40K","-0,04%"
"04.07.2022","19,17","19,64","19,64","19,14","633,30K","-2,17%"
"05.07.2022","19,05","19,17","19,24","18,77","802,60K","-0,63%"
"06.07.2022","18,55","19,06","19,08","18,32","901,90K","-2,66%"
"07.07.2022","19,11","18,74","19,41","18,74","733,80K","3,04%"
"08.07.2022","18,96","19,14","19,22","18,85","405,40K","-0,76%"
"11.07.2022","18,36","18,95","18,96","18,26","579,50K","-3,18%"
"12.07.2022","18,24","18,36","18,78","18,09","470,00K","-0,66%"
"13.07.2022","17,91","18,18","18,25","17,91","509,80K","-1,81%"
"14.07.2022","18,10","17,91","18,30","17,84","584,20K","1,08%"
"15.07.2022","18,05","18,16","18,45","17,89","442,90K","-0,27%"
"18.07.2022","18,60","18,14","18,89","18,09","682,30K","3,03%"
"19.07.2022","18,71","18,65","18,82","18,41","421,10K","0,61%"
"20.07.2022","19,09","18,71","19,21","18,66","474,60K","2,02%"
"21.07.2022","19,29","19,09","19,43","18,79","464,10K","1,05%"
"22.07.2022","18,76","19,36","19,40","18,72","509,50K","-2,75%"
"25.07.2022","18,79","18,84","19,09","18,79","314,70K","0,17%"
"26.07.2022","18,66","18,82","19,15","18,55","430,30K","-0,73%"
"27.07.2022","19,15","18,79","19,22","18,66","385,60K","2,63%"
"28.07.2022","19,26","19,11","19,39","19,08","382,70K","0,59%"
"29.07.2022","19,29","19,26","19,73","19,10","647,20K","0,17%"
"01.08.2022","18,89","19,29","19,35","18,89","643,10K","-2,08%"
"02.08.2022","19,08","18,90","19,29","18,84","563,60K","0,98%"
"03.08.2022","18,96","19,08","19,50","18,96","485,70K","-0,59%"
"04.08.2022","19,09","19,05","19,67","19,00","539,80K","0,68%"
"05.08.2022","19,63","19,09","19,98","19,09","431,40K","2,82%"
"08.08.2022","19,58","19,78","20,18","19,53","521,10K","-0,25%"
"09.08.2022","19,49","19,70","19,97","19,30","363,70K","-0,49%"
"10.08.2022","20,19","19,68","20,38","19,59","578,10K","3,59%"
"11.08.2022","20,56","20,26","20,85","20,21","592,50K","1,83%"
"12.08.2022","20,85","20,56","20,93","20,56","508,80K","1,45%"
"15.08.2022","20,76","20,81","21,19","20,11","460,80K","-0,46%"
"16.08.2022","21,22","20,82","21,35","20,63","500,60K","2,21%"
"17.08.2022","21,48","21,20","21,48","21,00","592,90K","1,25%"
"18.08.2022","21,09","21,48","21,59","20,97","480,30K","-1,83%"
"19.08.2022","21,47","21,03","21,56","20,66","854,90K","1,83%"
"22.08.2022","21,27","21,45","21,54","21,03","614,80K","-0,94%"
"23.08.2022","22,19","21,27","22,28","21,27","730,80K","4,31%"
"24.08.2022","22,46","22,28","22,80","22,28","859,50K","1,23%"
"25.08.2022","22,62","22,53","22,98","22,45","543,70K","0,72%"
"26.08.2022","23,24","22,64","23,37","22,56","588,00K","2,74%"
"29.08.2022","23,48","23,20","23,92","23,06","838,60K","1,04%"
"30.08.2022","23,17","23,48","23,72","22,90","432,70K","-1,34%"
"31.08.2022","23,03","23,19","23,89","23,03","1,01M","-0,59%"
"01.09.2022","23,54","23,08","23,67","22,69","1,05M","2,20%"
"02.09.2022","22,74","24,01","24,15","22,72","1,14M","-3,42%"
"05.09.2022","23,29","22,88","23,50","22,78","456,30K","2,44%"
"06.09.2022","23,10","23,29","23,64","22,98","469,70K","-0,83%"
"08.09.2022","23,08","23,43","23,43","22,97","321,00K","-0,07%"
"09.09.2022","23,76","23,23","23,80","23,19","592,60K","2,93%"
"12.09.2022","24,12","23,80","24,25","23,79","666,10K","1,52%"
"13.09.2022","23,85","24,08","24,09","23,64","512,40K","-1,10%"
"14.09.2022","24,35","23,86","24,42","23,72","523,50K","2,09%"
"15.09.2022","23,89","24,37","24,56","23,87","416,80K","-1,88%"
"16.09.2022","24,26","23,89","24,35","23,31","643,00K","1,55%"
"19.09.2022","24,34","24,19","24,53","23,56","680,20K","0,30%"
"20.09.2022","24,18","24,34","24,41","23,87","525,40K","-0,63%"
"21.09.2022","24,44","24,17","24,58","24,13","439,70K","1,06%"
"22.09.2022","24,92","24,44","25,03","24,39","585,40K","1,97%"
"23.09.2022","24,58","24,90","25,09","24,41","345,20K","-1,39%"
"26.09.2022","23,41","24,52","24,54","23,19","822,70K","-4,74%"
"27.09.2022","23,19","23,57","23,90","23,11","406,70K","-0,93%"
"28.09.2022","23,03","23,19","23,28","22,92","352,70K","-0,69%"
"29.09.2022","23,14","22,92","23,19","22,45","471,70K","0,45%"
"30.09.2022","24,29","23,16","24,42","23,14","707,60K","4,97%"
"03.10.2022","24,58","24,50","24,96","24,35","709,90K","1,19%"
"04.10.2022","24,63","24,71","25,29","24,41","503,70K","0,23%"
"05.10.2022","24,83","24,63","25,04","24,63","460,60K","0,82%"
"06.10.2022","24,83","24,89","25,16","24,75","267,00K","0,00%"
"07.10.2022","25,00","24,54","25,32","24,53","442,90K","0,68%"
"10.10.2022","26,05","25,25","26,16","25,21","795,30K","4,18%"
"11.10.2022","26,01","26,05","26,13","25,69","339,60K","-0,15%"
"13.10.2022","25,81","25,86","26,07","25,47","408,70K","-0,77%"
"14.10.2022","25,08","25,82","25,94","24,99","335,90K","-2,80%"
"17.10.2022","25,51","25,08","25,82","24,93","264,60K","1,70%"
"18.10.2022","25,49","25,49","25,86","25,06","400,90K","-0,06%"
"19.10.2022","25,61","25,49","25,82","25,38","239,70K","0,44%"
"20.10.2022","25,90","25,61","26,06","25,54","451,40K","1,13%"
"21.10.2022","26,39","25,96","26,58","25,85","486,30K","1,89%"
"24.10.2022","26,51","26,36","26,51","25,94","450,90K","0,49%"
"25.10.2022","25,78","26,30","26,48","25,76","320,50K","-2,79%"
"26.10.2022","25,70","25,77","25,98","25,29","341,20K","-0,28%"
"27.10.2022","26,05","25,57","26,31","25,44","456,60K","1,35%"
"28.10.2022","26,28","26,18","26,45","25,56","1,23M","0,89%"
"31.10.2022","26,86","25,56","26,90","25,24","811,60K","2,21%"
"01.11.2022","27,61","26,94","27,96","26,86","845,60K","2,79%"
"03.11.2022","28,01","27,58","28,29","27,26","585,50K","1,46%"
"04.11.2022","27,96","28,06","28,53","27,92","566,10K","-0,19%"
"07.11.2022","27,30","27,95","27,95","26,86","631,20K","-2,36%"
"08.11.2022","26,11","27,17","27,17","25,85","917,00K","-4,35%"
"09.11.2022","24,30","25,85","25,91","24,00","1,27M","-6,91%"
"10.11.2022","23,59","24,30","24,30","23,23","825,10K","-2,94%"
"11.11.2022","24,14","23,59","24,33","23,08","837,80K","2,35%"
"14.11.2022","24,72","24,22","25,07","24,22","598,10K","2,37%"
"16.11.2022","23,88","24,71","24,85","23,57","680,50K","-3,40%"
"17.11.2022","23,36","23,50","23,64","22,52","805,70K","-2,17%"
"18.11.2022","23,30","23,46","24,29","23,20","764,20K","-0,27%"
"21.11.2022","22,15","22,10","22,55","21,71","460,90K","-4,93%"
"22.11.2022","21,99","22,27","22,58","21,79","388,20K","-0,72%"
"23.11.2022","22,41","21,93","22,49","21,69","421,10K","1,94%"
"24.11.2022","23,02","22,57","23,20","22,53","374,20K","2,69%"
"25.11.2022","23,03","23,02","23,24","22,70","358,40K","0,07%"
"28.11.2022","22,35","23,03","23,03","22,21","437,70K","-2,98%"
"29.11.2022","22,98","22,43","23,24","22,36","516,40K","2,85%"
"30.11.2022","22,68","23,04","23,30","22,06","1,04M","-1,31%"
"01.12.2022","22,05","22,67","23,28","21,91","757,60K","-2,81%"
"02.12.2022","22,83","22,08","23,03","21,97","548,70K","3,57%"
"05.12.2022","22,31","22,96","23,02","22,24","364,40K","-2,31%"
"06.12.2022","22,64","22,50","22,64","22,04","907,60K","1,50%"
"07.12.2022","22,86","22,62","22,86","22,17","681,70K","0,96%"
"08.12.2022","21,84","22,77","22,77","21,78","632,60K","-4,47%"
"09.12.2022","22,06","22,14","22,14","21,47","373,20K","1,04%"
"12.12.2022","21,90","22,17","22,32","21,53","471,40K","-0,72%"
"13.12.2022","21,82","21,96","22,18","21,48","727,00K","-0,38%"
"14.12.2022","22,00","21,82","22,25","21,35","1,00M","0,84%"
"15.12.2022","22,82","21,88","22,88","21,85","393,60K","3,73%"
"16.12.2022","22,28","22,83","23,02","22,21","455,20K","-2,39%"
"19.12.2022","22,82","22,29","23,01","22,29","344,00K","2,44%"
"20.12.2022","23,27","22,84","23,56","22,77","604,20K","1,94%"
"21.12.2022","23,39","23,34","23,49","22,98","267,90K","0,54%"
"22.12.2022","23,62","23,51","23,70","23,29","362,80K","0,97%"
"23.12.2022","23,79","23,67","24,07","23,59","397,40K","0,71%"
"26.12.2022","23,70","23,83","24,08","23,38","223,80K","-0,35%"
"27.12.2022","23,66","23,78","23,97","23,55","174,20K","-0,18%"
"28.12.2022","24,27","23,78","24,49","23,70","316,70K","2,58%"
"29.12.2022","25,09","24,38","25,13","24,38","661,20K","3,38%"
"02.01.2023","24,38","25,09","25,20","23,96","357,30K","-2,84%"
"03.01.2023","23,70","24,39","24,61","23,67","441,10K","-2,82%"
"04.01.2023","23,17","23,80","23,90","22,99","397,70K","-2,23%"
"05.01.2023","23,13","23,28","23,39","23,03","308,80K","-0,18%"
"06.01.2023","23,30","23,10","23,90","23,06","323,20K","0,76%"
"09.01.2023","23,29","23,22","23,37","22,67","301,30K","-0,04%"
"10.01.2023","23,36","23,39","23,60","23,17","352,50K","0,29%"
"11.01.2023","23,76","23,48","23,88","23,36","345,70K","1,72%"
"12.01.2023","23,39","23,36","24,33","23,30","367,40K","-1,59%"
"13.01.2023","23,70","23,35","24,00","23,12","373,00K","1,36%"
"16.01.2023","23,67","23,77","24,03","23,43","211,80K","-0,14%"
"17.01.2023","24,40","23,72","24,53","23,70","557,20K","3,08%"
"18.01.2023","24,06","24,37","24,52","23,96","265,30K","-1,41%"
"19.01.2023","24,46","24,06","24,65","23,88","258,10K","1,67%"
"20.01.2023","24,40","24,66","24,66","24,09","194,60K","-0,24%"
"23.01.2023","24,43","24,42","24,98","24,34","319,40K","0,14%"
"24.01.2023","24,56","24,68","24,75","24,32","143,40K","0,51%"
"25.01.2023","24,79","24,56","24,96","24,56","197,60K","0,95%"
"26.01.2023","25,31","24,79","25,45","24,51","459,60K","2,09%"
"27.01.2023","24,75","25,31","25,66","24,73","376,10K","-2,22%"
"30.01.2023","24,63","24,75","25,01","24,37","276,50K","-0,47%"
"31.01.2023","24,96","24,73","25,20","24,59","494,30K","1,33%"
"01.02.2023","24,57","25,30","25,30","24,17","710,70K","-1,58%"
"02.02.2023","24,52","24,56","24,94","24,34","275,20K","-0,20%"
"03.02.2023","24,27","24,53","24,75","24,17","392,60K","-0,99%"
"06.02.2023","24,43","24,30","24,54","23,83","547,90K","0,66%"
"07.02.2023","24,00","24,43","24,84","23,93","503,10K","-1,78%"
"08.02.2023","23,21","23,12","23,44","22,49","1,11M","-3,28%"
"09.02.2023","22,23","23,21","23,36","22,15","819,30K","-4,22%"
"10.02.2023","22,62","22,15","22,62","22,00","427,60K","1,77%"
"13.02.2023","22,48","22,62","22,99","22,45","339,50K","-0,63%"
"14.02.2023","22,02","22,46","22,61","22,01","451,60K","-2,05%"
"15.02.2023","22,48","22,00","22,51","22,00","292,60K","2,09%"
"16.02.2023","22,21","22,48","22,61","22,11","323,20K","-1,23%"
"17.02.2023","22,19","22,20","22,39","22,14","236,40K","-0,08%"
"22.02.2023","22,00","22,18","22,46","21,83","299,00K","-0,87%"
"23.02.2023","21,99","22,00","22,28","21,82","325,00K","-0,04%"
"24.02.2023","21,99","21,86","22,34","21,76","293,80K","0,00%"
"27.02.2023","21,99","22,00","22,19","21,78","220,80K","0,00%"
"28.02.2023","21,73","22,12","22,26","21,66","526,20K","-1,18%"
"01.03.2023","21,54","21,79","22,35","21,51","796,20K","-0,85%"
"02.03.2023","21,91","21,56","22,53","21,56","656,20K","1,71%"
"03.03.2023","22,05","21,90","22,28","21,88","278,10K","0,65%"
"06.03.2023","22,40","22,08","22,58","22,08","281,60K","1,56%"
"07.03.2023","22,15","22,44","22,72","22,00","364,90K","-1,08%"
"08.03.2023","21,96","22,15","22,50","21,95","512,20K","-0,87%"
"09.03.2023","21,90","21,94","22,23","21,71","535,10K","-0,31%"
"10.03.2023","21,85","21,90","22,00","21,61","363,80K","-0,19%"
"13.03.2023","21,38","21,77","21,77","21,28","512,90K","-2,15%"
"14.03.2023","21,07","21,37","21,37","20,79","830,30K","-1,45%"
"15.03.2023","20,89","21,09","21,09","20,49","576,30K","-0,87%"
"16.03.2023","20,83","20,77","21,15","20,50","465,30K","-0,28%"
"17.03.2023","20,55","20,69","20,70","20,35","787,70K","-1,37%"
"20.03.2023","20,45","20,51","20,73","20,38","269,90K","-0,45%"
"21.03.2023","21,02","20,45","21,02","20,44","426,50K","2,74%"
"22.03.2023","20,35","21,02","21,02","20,35","368,40K","-3,19%"
"23.03.2023","19,94","20,34","20,66","19,77","552,90K","-2,02%"
"24.03.2023","20,11","20,00","20,40","19,88","353,30K","0,88%"
"27.03.2023","20,72","20,21","20,75","20,21","379,70K","3,04%"
"28.03.2023","21,48","20,71","21,57","20,69","396,60K","3,64%"
"29.03.2023","20,55","21,51","21,57","20,41","606,80K","-4,29%"
"30.03.2023","20,19","20,55","20,86","20,14","618,60K","-1,75%"
"31.03.2023","20,19","20,35","20,42","20,10","392,50K","-0,04%"
"03.04.2023","19,94","20,15","20,22","19,91","398,70K","-1,24%"
"04.04.2023","20,14","20,07","20,20","19,91","449,90K","1,01%"
"05.04.2023","19,40","20,14","20,34","19,20","935,40K","-3,66%"
"06.04.2023","19,72","19,43","19,92","19,39","332,40K","1,64%"
"10.04.2023","20,11","19,74","20,25","19,73","387,90K","2,00%"
"11.04.2023","20,40","20,15","20,91","20,15","452,40K","1,42%"
"12.04.2023","20,85","20,90","21,56","20,70","816,00K","2,22%"
"13.04.2023","20,71","21,02","21,03","20,55","410,60K","-0,68%"
"14.04.2023","20,87","20,75","20,91","20,55","269,90K","0,81%"
"17.04.2023","21,20","20,94","21,32","20,92","279,10K","1,57%"
"18.04.2023","20,94","21,20","21,41","20,94","291,10K","-1,22%"
"19.04.2023","20,15","20,94","21,00","20,07","469,10K","-3,76%"
"20.04.2023","20,10","20,16","20,66","20,10","370,20K","-0,25%"
"24.04.2023","19,90","20,25","20,35","19,90","267,50K","-1,00%"
"25.04.2023","19,79","20,03","20,12","19,52","629,30K","-0,55%"
"26.04.2023","19,63","19,79","19,92","19,47","287,30K","-0,80%"
"27.04.2023","19,63","19,63","19,94","19,40","497,50K","-0,04%"
"28.04.2023","20,24","19,67","20,24","19,59","311,50K","3,12%"
"02.05.2023","19,44","20,26","20,46","19,42","559,30K","-3,93%"
"03.05.2023","19,47","19,52","19,68","19,32","368,90K","0,17%"
"04.05.2023","19,53","19,52","19,82","19,27","376,80K","0,30%"
"05.05.2023","19,82","19,68","19,98","19,43","280,50K","1,46%"
"06.05.2023","23,85","23,85","23,85","23,85","","20,35%"
"08.05.2023","19,79","20,01","20,10","19,68","328,80K","-17,01%"
"09.05.2023","19,64","20,04","20,04","19,57","263,70K","-0,76%"
"10.05.2023","18,98","19,63","19,68","18,95","871,30K","-3,37%"
"11.05.2023","19,06","18,95","19,26","18,67","549,00K","0,40%"
"12.05.2023","19,41","19,14","19,76","19,14","414,70K","1,85%"
"15.05.2023","19,57","19,41","19,62","19,03","397,90K","0,86%"
"16.05.2023","19,20","19,57","19,65","19,20","258,20K","-1,93%"
"17.05.2023","19,56","19,35","19,81","19,26","409,50K","1,88%"
"18.05.2023","19,68","19,57","19,82","19,46","311,30K","0,64%"
"19.05.2023","19,38","19,68","20,09","19,38","522,70K","-1,53%"
"22.05.2023","19,47","19,43","19,75","19,40","283,30K","0,43%"
"23.05.2023","19,41","19,52","19,60","19,22","301,60K","-0,30%"
"24.05.2023","19,48","19,41","19,66","19,32","217,50K","0,39%"
"25.05.2023","19,48","19,60","19,94","19,47","379,60K","0,00%"
"26.05.2023","19,53","19,57","19,75","19,47","257,50K","0,26%"
"29.05.2023","19,80","19,55","19,99","19,54","189,10K","1,37%"
"30.05.2023","19,25","19,80","19,95","19,25","318,60K","-2,79%"
"31.05.2023","19,06","19,34","19,42","19,06","475,40K","-0,96%"
"01.06.2023","18,92","19,32","19,35","18,73","781,70K","-0,75%"
"02.06.2023","19,00","19,00","19,59","18,98","745,50K","0,40%"
"05.06.2023","19,00","19,07","19,31","18,89","483,60K","0,00%"
"06.06.2023","19,50","19,01","19,50","19,00","439,80K","2,65%"
"07.06.2023","19,56","19,52","19,81","19,33","503,80K","0,30%"
"09.06.2023","19,42","19,61","19,76","19,42","505,50K","-0,73%"
"12.06.2023","19,47","19,47","19,57","19,19","414,00K","0,30%"
"13.06.2023","19,18","19,52","19,60","19,16","351,40K","-1,51%"
"14.06.2023","19,81","19,22","19,85","19,22","636,10K","3,28%"
"15.06.2023","19,76","19,85","20,06","19,71","703,70K","-0,25%"
"16.06.2023","20,06","19,75","20,31","19,64","850,20K","1,53%"
"19.06.2023","20,88","20,07","21,10","20,06","727,70K","4,09%"
"20.06.2023","20,74","21,03","21,19","20,66","885,50K","-0,68%"
"21.06.2023","20,56","20,82","21,06","20,37","466,30K","-0,85%"
"22.06.2023","20,71","20,55","20,79","20,27","368,90K","0,69%"
"23.06.2023","21,15","20,70","21,51","20,70","778,40K","2,14%"
"26.06.2023","21,05","21,25","21,57","20,91","754,30K","-0,48%"
"27.06.2023","20,40","21,04","21,16","20,32","507,50K","-3,06%"
"28.06.2023","20,04","20,52","20,56","20,00","560,40K","-1,77%"
"29.06.2023","20,22","20,04","20,30","20,02","297,20K","0,88%"
"30.06.2023","20,53","20,36","21,02","20,31","873,60K","1,53%"
"03.07.2023","20,81","20,58","21,14","20,58","499,40K","1,39%"
"04.07.2023","21,15","20,86","21,27","20,81","346,40K","1,61%"
"05.07.2023","21,44","21,19","21,75","21,09","856,40K","1,39%"
"06.07.2023","21,43","21,47","21,80","21,34","467,60K","-0,04%"
"07.07.2023","21,66","21,43","21,98","21,36","655,40K","1,06%"
"10.07.2023","21,49","21,79","21,99","21,39","327,90K","-0,77%"
"11.07.2023","21,35","21,55","21,55","21,01","302,60K","-0,66%"
"12.07.2023","20,98","21,34","21,76","20,81","455,60K","-1,73%"
"13.07.2023","20,94","21,01","21,31","20,88","348,30K","-0,20%"
"14.07.2023","20,69","20,91","21,07","20,58","330,80K","-1,20%"
"17.07.2023","20,86","20,85","21,08","20,68","462,70K","0,81%"
"18.07.2023","20,85","20,92","21,17","20,77","321,40K","-0,04%"
"19.07.2023","21,02","20,85","21,08","20,75","417,00K","0,84%"
"20.07.2023","21,19","21,02","21,41","20,98","563,20K","0,80%"
"21.07.2023","21,19","21,23","21,49","21,16","392,40K","0,00%"
"24.07.2023","21,37","21,23","21,63","21,23","532,50K","0,83%"
"25.07.2023","21,19","21,37","21,60","21,17","309,90K","-0,82%"
"26.07.2023","21,66","21,27","21,82","21,22","563,10K","2,21%"
"27.07.2023","21,76","21,78","22,36","21,61","795,60K","0,46%"
"28.07.2023","21,65","21,86","21,89","21,38","292,80K","-0,50%"
"31.07.2023","21,70","21,69","22,05","21,65","745,90K","0,23%"
"01.08.2023","22,20","21,76","22,35","21,70","769,50K","2,28%"
"02.08.2023","22,03","22,26","22,51","21,87","457,40K","-0,75%"
"03.08.2023","22,49","22,03","22,49","22,03","506,70K","2,09%"
"04.08.2023","22,07","22,32","22,49","22,04","375,10K","-1,86%"
"07.08.2023","21,92","22,11","22,11","21,62","439,10K","-0,68%"
"08.08.2023","21,62","21,91","21,91","21,34","332,30K","-1,38%"
"09.08.2023","21,29","21,62","21,74","21,26","352,90K","-1,51%"
"10.08.2023","21,01","21,30","21,52","20,98","460,10K","-1,34%"
"11.08.2023","20,71","21,01","21,15","20,68","610,50K","-1,40%"
"14.08.2023","19,94","20,85","20,85","19,92","740,10K","-3,76%"
"15.08.2023","19,48","19,92","20,04","19,48","420,70K","-2,27%"
"16.08.2023","19,50","19,53","19,71","19,38","410,70K","0,09%"
"17.08.2023","19,47","19,50","19,61","19,27","325,60K","-0,13%"
"18.08.2023","19,82","19,47","19,91","19,33","346,10K","1,76%"
"21.08.2023","19,70","19,82","19,91","19,55","417,40K","-0,59%"
"22.08.2023","20,43","19,74","20,50","19,68","414,60K","3,70%"
"23.08.2023","20,81","20,43","20,84","20,35","391,20K","1,89%"
"24.08.2023","20,10","20,82","21,00","20,10","589,90K","-3,42%"
"25.08.2023","20,42","20,19","20,52","19,96","436,90K","1,58%"
"28.08.2023","20,31","20,57","20,81","20,16","292,70K","-0,53%"
"29.08.2023","20,45","20,24","20,57","20,24","402,10K","0,70%"
"30.08.2023","20,15","20,52","20,81","20,15","349,70K","-1,47%"
"31.08.2023","19,93","20,18","20,29","19,68","458,70K","-1,12%"
"01.09.2023","20,47","19,92","20,47","19,92","383,60K","2,73%"
"02.09.2023","24,37","24,37","24,37","24,37","","19,05%"
"04.09.2023","20,15","20,40","20,44","20,02","307,90K","-17,30%"
"05.09.2023","20,37","20,15","20,41","20,01","233,40K","1,08%"
"06.09.2023","21,57","21,19","22,43","21,19","2,44M","5,88%"
"08.09.2023","22,09","21,69","22,21","21,57","1,03M","2,41%"
"09.09.2023","26,38","26,38","26,38","26,38","","19,43%"
"11.09.2023","22,68","22,15","22,87","22,04","1,37M","-14,02%"
"12.09.2023","24,31","22,75","24,57","22,75","1,90M","7,16%"
"13.09.2023","22,92","24,36","24,79","22,82","1,89M","-5,72%"
"14.09.2023","23,55","22,95","23,74","22,93","735,00K","2,74%"
"15.09.2023","23,35","23,55","23,71","23,33","555,00K","-0,82%"
"18.09.2023","23,58","23,32","23,71","23,18","476,00K","0,97%"
"19.09.2023","23,33","23,66","24,00","23,20","737,20K","-1,07%"
"20.09.2023","23,57","23,37","23,81","23,34","471,40K","1,04%"
"21.09.2023","23,41","23,54","23,71","23,37","540,10K","-0,68%"
"22.09.2023","23,38","23,47","23,60","23,34","415,20K","-0,14%"
"25.09.2023","23,61","23,40","23,68","23,21","385,50K","1,00%"
"26.09.2023","23,06","23,55","23,59","22,92","512,30K","-2,34%"
"27.09.2023","23,30","23,15","23,37","22,93","477,80K","1,05%"
"28.09.2023","23,37","23,30","23,54","22,99","429,50K","0,29%"
"29.09.2023","24,06","23,55","24,06","23,55","655,00K","2,94%"
"02.10.2023","23,94","24,07","24,26","23,52","714,50K","-0,49%"
"03.10.2023","23,81","23,74","23,91","23,60","472,90K","-0,52%"
"04.10.2023","24,11","23,82","24,11","23,58","369,30K","1,23%"
"05.10.2023","23,73","24,17","24,17","23,43","587,70K","-1,56%"
"06.10.2023","23,99","23,60","24,10","23,45","480,10K","1,09%"
"09.10.2023","23,88","23,88","23,95","23,49","478,50K","-0,45%"
"10.10.2023","24,50","23,94","24,63","23,91","809,40K","2,60%"
"11.10.2023","23,93","24,50","24,65","23,35","1,28M","-2,32%"
"13.10.2023","24,04","23,94","24,20","23,72","767,60K","0,46%"
"16.10.2023","24,38","24,04","24,59","23,99","650,50K","1,43%"
"17.10.2023","24,38","24,36","24,79","24,29","672,50K","0,00%"
"18.10.2023","24,14","24,38","24,42","24,01","1,42M","-1,00%"
"19.10.2023","24,11","24,14","24,50","23,95","440,60K","-0,10%"
"20.10.2023","24,34","24,16","24,42","23,97","517,50K","0,94%"
"23.10.2023","24,87","24,39","24,91","24,32","710,90K","2,17%"
"24.10.2023","25,28","24,97","25,30","24,97","975,20K","1,65%"
"25.10.2023","23,00","24,36","24,36","22,81","2,18M","-9,00%"
"26.10.2023","22,97","23,06","23,43","22,75","806,20K","-0,16%"
"27.10.2023","22,53","22,97","23,26","22,53","729,80K","-1,92%"
"30.10.2023","22,43","22,59","22,85","22,33","597,50K","-0,42%"
"31.10.2023","23,19","22,43","23,19","22,34","533,30K","3,38%"
"01.11.2023","23,02","23,17","23,32","22,87","482,60K","-0,73%"
"03.11.2023","23,60","23,04","23,72","23,03","641,30K","2,52%"
"06.11.2023","23,73","23,67","23,91","23,48","475,50K","0,56%"
"07.11.2023","23,94","23,73","24,26","23,51","569,80K","0,87%"
"08.11.2023","22,36","23,72","23,77","22,36","1,28M","-6,62%"
"09.11.2023","22,76","22,45","23,12","22,37","630,20K","1,80%"
"10.11.2023","22,60","22,77","22,97","22,54","419,30K","-0,70%"
"13.11.2023","22,38","22,60","22,68","22,36","601,40K","-0,95%"
"14.11.2023","22,98","22,34","23,13","22,34","593,20K","2,64%"
"16.11.2023","22,97","22,98","23,23","22,68","439,50K","-0,04%"
"17.11.2023","22,88","22,97","23,22","22,68","550,20K","-0,37%"
"20.11.2023","22,87","22,91","22,96","22,57","331,00K","-0,04%"
"21.11.2023","22,51","22,89","22,96","22,45","417,20K","-1,60%"
"22.11.2023","22,65","22,50","22,93","22,47","451,90K","0,62%"
"23.11.2023","22,84","22,65","23,04","22,51","439,20K","0,87%"
"24.11.2023","22,83","22,85","23,11","22,60","321,10K","-0,08%"
"27.11.2023","22,73","22,87","22,96","22,63","418,70K","-0,41%"
"28.11.2023","22,74","22,74","22,92","22,55","588,80K","0,04%"
"29.11.2023","22,63","22,79","23,06","22,52","425,30K","-0,49%"
"30.11.2023","22,59","22,70","22,77","22,54","415,30K","-0,17%"
"01.12.2023","23,08","22,59","23,34","22,50","897,60K","2,16%"
"04.12.2023","23,15","23,08","23,47","22,97","572,90K","0,32%"
"05.12.2023","22,95","23,21","23,29","22,88","443,50K","-0,89%"
"06.12.2023","22,63","22,96","23,16","22,63","301,70K","-1,39%"
"07.12.2023","22,95","22,65","23,06","22,65","317,90K","1,41%"
"08.12.2023","22,84","22,95","23,06","22,78","307,50K","-0,45%"
"11.12.2023","22,76","22,85","23,25","22,74","291,00K","-0,37%"
"12.12.2023","22,73","22,76","22,94","22,71","296,90K","-0,12%"
"13.12.2023","23,27","22,75","23,43","22,74","413,80K","2,35%"
"14.12.2023","23,86","23,33","24,26","23,33","674,90K","2,54%"
"15.12.2023","24,35","23,86","24,53","23,84","614,00K","2,08%"
"18.12.2023","24,28","24,44","24,80","24,02","516,40K","-0,31%"
"19.12.2023","25,03","24,30","25,03","24,30","561,20K","3,09%"
"20.12.2023","24,18","25,00","25,00","24,18","449,10K","-3,37%"
"21.12.2023","24,24","24,33","24,65","23,93","503,50K","0,23%"
"22.12.2023","24,24","24,24","24,53","24,07","243,50K","0,00%"
"26.12.2023","24,61","24,24","24,72","24,01","302,60K","1,51%"
"27.12.2023","24,71","24,63","24,90","24,36","285,60K","0,42%"
"28.12.2023","25,04","24,71","25,04","24,56","457,50K","1,33%"
"02.01.2024","24,41","24,92","24,95","24,31","492,20K","-2,51%"
"03.01.2024","24,24","24,41","24,50","24,23","225,10K","-0,69%"
"04.01.2024","24,00","24,24","24,34","23,98","235,30K","-1,01%"
"05.01.2024","24,02","24,04","24,39","23,91","247,90K","0,08%"
"08.01.2024","24,11","24,03","24,22","23,96","229,90K","0,39%"
"09.01.2024","23,58","24,18","24,28","23,58","257,20K","-2,18%"
"10.01.2024","23,43","23,58","23,86","23,39","273,50K","-0,64%"
"11.01.2024","23,12","23,43","23,43","22,83","359,70K","-1,36%"
"12.01.2024","23,42","23,12","23,60","23,12","228,60K","1,30%"
"15.01.2024","23,31","23,42","23,42","23,24","151,60K","-0,44%"
"16.01.2024","23,36","23,31","23,43","23,23","251,70K","0,20%"
"17.01.2024","23,60","23,36","23,72","23,26","267,40K","1,04%"
"18.01.2024","23,22","23,62","23,64","23,18","303,40K","-1,63%"
"19.01.2024","23,43","23,22","23,64","23,19","194,30K","0,89%"
"22.01.2024","23,14","23,43","23,51","23,13","217,70K","-1,20%"
"23.01.2024","23,75","23,20","23,88","23,20","331,50K","2,63%"
"24.01.2024","23,69","23,80","24,18","23,40","360,30K","-0,28%"
"25.01.2024","23,55","23,69","23,81","23,55","129,00K","-0,59%"
"26.01.2024","23,76","23,77","23,77","23,43","180,80K","0,92%"
"29.01.2024","23,35","23,87","23,87","23,31","191,20K","-1,74%"
"30.01.2024","23,34","23,34","23,42","23,25","164,20K","-0,04%"
"31.01.2024","23,12","23,34","23,81","23,12","312,80K","-0,96%"
"01.02.2024","23,07","23,14","23,31","22,69","554,40K","-0,20%"
"02.02.2024","23,16","23,07","23,26","22,93","333,00K","0,41%"
"05.02.2024","22,64","23,15","23,15","22,64","386,40K","-2,27%"
"06.02.2024","22,74","22,65","22,98","22,62","431,80K","0,46%"
"07.02.2024","23,09","22,74","23,14","22,71","409,50K","1,53%"
"08.02.2024","22,74","22,97","22,97","21,93","667,10K","-1,50%"
"09.02.2024","22,35","22,76","22,77","22,21","398,30K","-1,73%"
"14.02.2024","21,81","22,31","22,33","21,73","475,30K","-2,39%"
"15.02.2024","22,10","21,81","22,24","21,74","298,30K","1,33%"
"16.02.2024","22,48","22,24","22,53","22,12","270,10K","1,70%"
"19.02.2024","22,22","22,50","22,50","22,17","265,50K","-1,17%"
"20.02.2024","22,52","22,21","22,52","22,10","238,20K","1,35%"
"21.02.2024","22,18","22,50","22,68","22,18","441,10K","-1,50%"
"22.02.2024","22,49","22,40","22,58","22,16","449,10K","1,39%"
"23.02.2024","22,13","22,44","22,77","22,13","272,60K","-1,58%"
"26.02.2024","22,22","22,13","22,30","22,07","400,00K","0,38%"
"27.02.2024","22,38","22,26","22,68","22,23","467,00K","0,76%"
"28.02.2024","22,54","22,36","22,72","22,26","336,00K","0,71%"
"29.02.2024","22,23","22,54","22,64","22,18","690,30K","-1,37%"
"01.03.2024","22,50","22,38","22,50","22,24","296,90K","1,18%"
"04.03.2024","22,38","22,59","22,59","22,37","584,50K","-0,50%"
"05.03.2024","22,50","22,45","22,71","22,45","595,60K","0,50%"
"06.03.2024","22,40","22,52","22,66","22,32","588,40K","-0,42%"
"07.03.2024","22,46","22,40","22,59","22,38","501,30K","0,25%"
"08.03.2024","22,57","22,46","22,64","22,19","310,10K","0,50%"
"11.03.2024","22,51","22,57","22,68","22,38","223,60K","-0,29%"
"12.03.2024","22,43","22,60","22,61","22,39","179,00K","-0,33%"
"13.03.2024","22,31","22,45","22,53","22,31","241,30K","-0,54%"
"14.03.2024","22,30","22,31","22,47","22,23","246,80K","-0,04%"
"15.03.2024","22,22","22,34","22,38","22,08","244,90K","-0,38%"
"18.03.2024","22,14","22,25","22,41","21,84","275,40K","-0,34%"
"19.03.2024","22,27","22,23","22,42","22,17","160,00K","0,59%"
"20.03.2024","22,50","22,27","22,52","22,23","160,00K","1,01%"
"21.03.2024","22,52","22,50","22,68","22,46","206,20K","0,08%"
"22.03.2024","22,35","22,55","22,59","22,24","210,90K","-0,75%"
"23.03.2024","23,85","23,85","23,85","23,85","","6,72%"
"25.03.2024","22,50","22,36","22,58","22,35","232,70K","-5,67%"
"26.03.2024","22,68","22,50","22,68","22,38","240,00K","0,83%"
"27.03.2024","23,25","22,90","23,29","22,83","311,70K","2,48%"
"28.03.2024","23,02","23,32","23,44","23,00","287,20K","-0,97%"
"01.04.2024","23,44","23,10","23,69","23,10","301,10K","1,83%"
"02.04.2024","23,28","23,54","23,60","23,27","205,10K","-0,68%"
"03.04.2024","23,22","23,33","23,43","22,95","229,90K","-0,28%"
"04.04.2024","23,58","23,21","23,76","23,21","297,70K","1,57%"
"05.04.2024","23,33","23,58","23,75","23,17","311,10K","-1,07%"
"08.04.2024","23,38","23,33","23,58","23,25","229,40K","0,20%"
"09.04.2024","23,89","23,34","24,04","23,34","207,30K","2,21%"
"10.04.2024","23,43","23,85","23,85","23,39","223,40K","-1,96%"
"11.04.2024","23,60","23,46","23,78","23,30","212,00K","0,76%"
"12.04.2024","23,20","23,65","23,65","23,07","330,50K","-1,71%"
"15.04.2024","23,17","23,21","23,31","23,03","261,30K","-0,12%"
"16.04.2024","23,42","23,07","23,90","22,85","388,90K","1,05%"
"17.04.2024","23,32","23,41","23,81","23,29","204,60K","-0,40%"
"18.04.2024","23,51","23,55","23,90","23,43","294,70K","0,80%"
"19.04.2024","24,96","23,51","24,96","23,51","741,80K","6,18%"
"22.04.2024","24,22","24,81","24,93","24,22","323,90K","-2,97%"
"23.04.2024","24,39","24,18","24,43","24,03","276,00K","0,70%"
"24.04.2024","24,19","24,42","24,44","24,06","156,90K","-0,81%"
"25.04.2024","23,44","24,27","24,28","23,44","180,50K","-3,10%"
"26.04.2024","23,72","23,67","23,92","23,52","137,90K","1,16%"
"29.04.2024","24,38","23,77","24,49","23,76","362,20K","2,81%"
"30.04.2024","24,05","24,38","24,50","24,05","298,20K","-1,35%"
"02.05.2024","23,49","24,17","24,33","23,38","385,10K","-2,34%"
"03.05.2024","24,06","23,50","24,37","23,50","418,20K","2,43%"
"06.05.2024","23,90","24,03","24,33","23,76","243,50K","-0,66%"
"07.05.2024","24,28","23,90","24,37","23,90","181,40K","1,57%"
"08.05.2024","24,48","24,18","24,48","24,03","164,90K","0,85%"
"09.05.2024","24,09","24,09","24,16","23,25","377,90K","-1,61%"
"10.05.2024","23,84","24,03","24,42","23,84","250,80K","-1,05%"
"13.05.2024","24,05","23,84","24,19","23,72","142,20K","0,90%"
"14.05.2024","23,80","24,05","24,37","23,80","185,00K","-1,05%"
"15.05.2024","23,69","23,80","24,17","23,69","214,20K","-0,47%"
"16.05.2024","23,89","23,73","23,97","23,67","134,80K","0,87%"
"17.05.2024","23,78","23,90","23,97","23,66","153,00K","-0,47%"
"20.05.2024","23,88","23,78","24,15","23,73","119,90K","0,43%"
"21.05.2024","23,94","23,88","24,06","23,79","97,00K","0,24%"
"22.05.2024","23,80","23,91","23,97","23,63","183,40K","-0,59%"
"23.05.2024","23,63","23,67","23,88","23,48","169,60K","-0,71%"
"24.05.2024","23,75","23,62","23,83","23,56","97,60K","0,52%"
"25.05.2024","25,34","25,34","25,34","25,34","","6,68%"
"27.05.2024","23,69","23,71","23,83","23,53","136,60K","-6,52%"
"28.05.2024","23,88","23,69","23,97","23,69","111,80K","0,79%"
"29.05.2024","23,72","23,88","23,90","23,58","171,90K","-0,67%"
"31.05.2024","23,80","23,72","23,94","23,34","338,00K","0,36%"
"03.06.2024","24,80","23,62","24,84","23,62","942,20K","4,21%"
"04.06.2024","23,74","24,79","24,79","23,70","321,70K","-4,27%"
"05.06.2024","23,11","23,75","23,78","23,11","320,90K","-2,68%"
"06.06.2024","23,26","23,13","23,47","23,11","162,30K","0,65%"
"07.06.2024","23,29","23,26","23,58","23,15","200,60K","0,16%"
"10.06.2024","23,43","23,30","23,99","23,25","243,60K","0,56%"
"11.06.2024","23,57","23,43","23,86","23,43","186,40K","0,60%"
"12.06.2024","23,64","23,71","23,86","23,52","176,00K","0,32%"
"13.06.2024","23,88","23,61","23,99","23,49","233,00K","0,99%"
"14.06.2024","23,94","23,87","24,20","23,87","165,30K","0,27%"
"17.06.2024","23,93","23,90","24,18","23,67","228,80K","-0,04%"
"18.06.2024","23,61","23,82","24,19","23,61","208,00K","-1,33%"
"19.06.2024","23,95","23,63","23,96","23,54","154,00K","1,43%"
"20.06.2024","24,02","23,94","24,02","23,68","187,60K","0,27%"
"21.06.2024","23,84","24,05","24,10","23,79","226,10K","-0,74%"
"24.06.2024","24,17","23,88","24,31","23,69","243,20K","1,38%"
"25.06.2024","24,24","24,11","24,35","24,10","147,30K","0,31%"
"26.06.2024","24,12","24,12","24,19","23,76","224,10K","-0,50%"
"27.06.2024","24,14","23,94","24,24","23,85","134,80K","0,08%"
"28.06.2024","24,03","24,14","24,25","23,95","191,40K","-0,43%"
"01.07.2024","24,17","24,03","24,46","23,88","234,10K","0,55%"
"02.07.2024","24,20","24,18","24,41","24,18","172,30K","0,16%"
"03.07.2024","24,63","24,27","24,63","24,27","195,80K","1,74%"
"04.07.2024","25,37","24,63","25,43","24,53","346,10K","3,01%"
"05.07.2024","25,37","25,38","25,38","24,78","374,60K","0,00%"
"08.07.2024","25,24","25,37","25,37","25,03","167,50K","-0,48%"
"09.07.2024","25,15","25,15","25,50","24,98","187,90K","-0,37%"
"10.07.2024","25,07","25,29","25,30","25,02","138,30K","-0,34%"
"11.07.2024","25,33","25,09","25,33","24,90","250,20K","1,05%"
"12.07.2024","25,49","25,33","25,49","24,99","392,90K","0,63%"
"15.07.2024","25,40","25,50","25,61","25,17","200,50K","-0,33%"
"16.07.2024","25,27","25,40","25,47","25,15","161,90K","-0,52%"
"17.07.2024","26,43","25,29","26,67","25,06","600,50K","4,60%"
"18.07.2024","26,05","26,23","26,25","25,62","380,50K","-1,45%"
"19.07.2024","26,12","25,77","26,12","25,72","133,90K","0,29%"
"22.07.2024","25,62","25,84","25,89","25,44","198,10K","-1,94%"
"23.07.2024","25,26","25,62","25,62","25,12","183,10K","-1,39%"
"24.07.2024","25,16","25,19","25,27","24,93","155,10K","-0,41%"
"25.07.2024","24,81","25,20","25,20","24,76","196,00K","-1,38%"
"26.07.2024","24,99","24,79","25,15","24,72","114,70K","0,72%"
"29.07.2024","24,71","25,19","25,19","24,71","124,90K","-1,13%"
"30.07.2024","24,68","24,71","24,86","24,46","219,60K","-0,11%"
"31.07.2024","24,70","24,54","24,88","24,49","202,50K","0,08%"
"01.08.2024","24,95","24,78","25,44","24,59","356,00K","1,02%"
"02.08.2024","24,04","24,95","24,95","24,04","191,10K","-3,64%"
"05.08.2024","24,18","23,79","24,18","23,53","237,70K","0,58%"
"06.08.2024","24,09","24,36","24,36","24,05","215,60K","-0,39%"
"07.08.2024","24,01","24,02","24,33","23,90","111,20K","-0,35%"
"08.08.2024","24,18","24,04","24,33","24,03","111,80K","0,74%"
"09.08.2024","24,49","24,18","24,72","24,18","154,20K","1,28%"
"12.08.2024","24,33","24,48","24,64","24,33","154,90K","-0,69%"
"13.08.2024","24,44","24,33","24,69","24,33","159,10K","0,46%"
"14.08.2024","24,70","24,42","24,70","24,33","230,40K","1,07%"
"15.08.2024","24,41","24,71","24,72","24,24","345,30K","-1,18%"
"16.08.2024","24,33","24,51","24,51","24,19","161,70K","-0,35%"
"19.08.2024","24,49","24,33","24,59","24,21","178,30K","0,69%"
"20.08.2024","24,52","24,64","24,66","24,31","218,40K","0,11%"
"21.08.2024","24,51","24,47","24,79","24,43","171,60K","-0,04%"
"22.08.2024","24,14","24,61","24,61","23,94","218,50K","-1,53%"
"23.08.2024","24,28","24,14","24,46","24,14","153,40K","0,58%"
"26.08.2024","24,23","24,19","24,40","24,18","137,80K","-0,19%"
"27.08.2024","24,37","24,41","24,52","24,20","219,90K","0,58%"
"28.08.2024","24,49","24,37","24,54","24,21","204,10K","0,50%"
"29.08.2024","24,08","24,49","24,56","24,07","286,40K","-1,68%"
"30.08.2024","24,29","24,08","24,34","23,92","332,80K","0,86%"
"02.09.2024","24,13","23,70","24,13","23,42","437,00K","-0,66%"
"03.09.2024","23,93","24,19","24,30","23,89","240,90K","-0,82%"
"04.09.2024","24,80","24,02","24,89","24,02","327,10K","3,64%"
"05.09.2024","24,80","24,85","25,16","24,80","257,70K","0,00%"
"06.09.2024","24,88","25,03","25,15","24,85","203,70K","0,30%"
"09.09.2024","24,55","24,88","24,95","24,51","182,20K","-1,32%"
"10.09.2024","24,65","24,55","24,79","24,36","276,80K","0,42%"
"11.09.2024","24,64","24,84","24,90","24,44","140,40K","-0,04%"
"12.09.2024","24,79","24,65","24,91","24,53","189,50K","0,61%"
"13.09.2024","24,95","24,91","25,23","24,85","191,50K","0,64%"
"16.09.2024","25,11","25,08","25,42","25,08","259,20K","0,64%"
"17.09.2024","25,14","25,13","25,37","25,02","372,70K","0,11%"
"18.09.2024","25,03","25,24","25,40","24,93","240,80K","-0,45%"
"19.09.2024","24,75","25,13","25,14","24,29","378,30K","-1,12%"
"20.09.2024","23,28","24,74","24,74","23,28","472,80K","-5,95%"
"23.09.2024","24,21","23,41","24,37","23,40","377,60K","4,03%"
"24.09.2024","24,13","24,28","24,33","23,88","288,40K","-0,35%"
"25.09.2024","24,21","24,22","24,70","24,09","167,30K","0,35%"
"26.09.2024","23,73","24,25","24,29","23,73","249,40K","-1,97%"
"27.09.2024","23,98","23,73","23,98","23,69","226,90K","1,03%"
"30.09.2024","23,63","23,83","23,97","23,62","279,10K","-1,45%"
"01.10.2024","23,44","23,79","24,02","23,44","390,90K","-0,79%"
"02.10.2024","23,96","23,70","24,00","23,70","175,30K","2,20%"
"03.10.2024","23,58","23,83","23,92","23,58","156,90K","-1,56%"
"04.10.2024","23,58","23,58","23,63","23,43","141,80K","-0,04%"
"07.10.2024","23,58","23,89","23,89","23,57","145,80K","0,00%"
"08.10.2024","23,43","23,67","23,67","23,43","142,10K","-0,60%"
"09.10.2024","23,34","23,45","23,67","23,34","233,00K","-0,40%"
"10.10.2024","23,18","23,37","23,47","23,13","218,90K","-0,68%"
"11.10.2024","23,19","23,19","23,29","23,08","144,40K","0,04%"
"14.10.2024","23,43","23,19","23,65","23,13","197,60K","1,05%"
"15.10.2024","23,12","23,58","23,58","23,12","212,00K","-1,36%"
"16.10.2024","23,12","23,19","23,34","22,98","193,50K","0,00%"
"17.10.2024","22,87","23,13","23,20","22,87","296,20K","-1,05%"
"18.10.2024","23,08","22,91","23,20","22,90","225,70K","0,90%"
"21.10.2024","23,28","23,08","23,46","22,98","190,50K","0,89%"
"22.10.2024","23,29","23,33","23,35","23,01","233,20K","0,04%"
"23.10.2024","23,09","23,20","23,38","22,97","505,20K","-0,88%"
"24.10.2024","23,42","23,08","23,42","22,97","346,40K","1,43%"
"25.10.2024","23,53","23,41","23,64","23,41","153,80K","0,47%"
"28.10.2024","23,62","23,51","23,73","23,51","199,90K","0,38%"
"29.10.2024","23,58","23,70","23,77","23,52","221,10K","-0,17%"
"30.10.2024","23,71","23,58","23,74","23,58","158,30K","0,55%"
"31.10.2024","23,55","23,70","23,80","23,40","444,80K","-0,67%"
"01.11.2024","23,50","23,55","23,69","23,34","318,70K","-0,21%"
"04.11.2024","23,67","23,53","23,86","23,46","235,10K","0,72%"
"05.11.2024","23,75","23,70","24,03","23,64","162,00K","0,34%"
"06.11.2024","24,39","23,64","24,70","23,63","364,60K","2,69%"
"07.11.2024","23,60","24,59","25,33","23,55","608,00K","-3,24%"
"08.11.2024","23,85","23,55","23,88","23,17","252,70K","1,06%"
"11.11.2024","23,63","23,95","23,95","23,53","199,60K","-0,92%"
"12.11.2024","23,63","23,59","23,81","23,45","279,70K","0,00%"
"13.11.2024","23,60","23,63","23,74","23,40","248,70K","-0,13%"
"14.11.2024","23,92","23,60","24,08","23,42","214,50K","1,36%"
"18.11.2024","24,06","23,92","24,18","23,73","285,00K","0,59%"
"19.11.2024","23,76","24,06","24,06","23,68","243,80K","-1,25%"
"21.11.2024","23,79","23,83","23,88","23,57","190,90K","0,13%"
"22.11.2024","24,00","23,80","24,00","23,67","262,20K","0,88%"
"25.11.2024","23,92","23,90","24,09","23,82","243,00K","-0,33%"
"26.11.2024","23,75","23,92","24,13","23,74","207,20K","-0,71%"
"27.11.2024","23,61","23,76","23,92","23,52","255,40K","-0,59%"
"28.11.2024","23,52","23,61","23,68","23,31","216,70K","-0,38%"
"29.11.2024","23,61","23,51","23,74","23,32","225,10K","0,38%"
"02.12.2024","23,50","23,63","23,80","23,40","473,30K","-0,47%"
"03.12.2024","23,25","23,48","23,67","23,17","473,90K","-1,06%"
"04.12.2024","23,44","23,24","23,62","23,24","209,00K","0,82%"
"05.12.2024","23,30","23,44","23,74","23,23","240,90K","-0,60%"
"06.12.2024","23,05","23,31","23,46","23,02","198,90K","-1,07%"
"09.12.2024","23,20","23,15","23,25","23,00","255,20K","0,65%"
"10.12.2024","23,35","23,20","23,50","23,20","194,70K","0,65%"
"11.12.2024","23,71","23,22","23,79","23,22","222,20K","1,54%"
"12.12.2024","23,27","23,69","23,70","23,05","208,70K","-1,86%"
"13.12.2024","23,47","23,27","23,52","23,22","157,10K","0,86%"
"16.12.2024","23,49","23,38","23,65","23,33","194,00K","0,09%"
"17.12.2024","23,30","23,30","23,54","23,20","267,80K","-0,81%"
"18.12.2024","22,70","23,10","23,33","22,52","438,50K","-2,58%"
"19.12.2024","22,82","22,70","22,95","22,63","192,10K","0,53%"
"20.12.2024","22,90","22,82","23,10","22,60","157,80K","0,35%"
"23.12.2024","22,55","22,90","22,90","22,48","220,20K","-1,53%"
"26.12.2024","22,56","22,56","22,70","22,35","191,60K","0,04%"
"27.12.2024","22,29","22,40","22,63","22,17","316,20K","-1,20%"
"30.12.2024","22,12","22,34","22,50","22,00","297,10K","-0,76%"
"02.01.2025","22,25","22,34","22,49","21,92","508,40K","0,59%"
"03.01.2025","22,23","22,27","22,35","22,04","472,60K","-0,09%"
"06.01.2025","22,81","22,52","22,81","22,25","157,40K","2,61%"
"07.01.2025","22,69","22,88","23,08","22,62","130,10K","-0,53%"
"08.01.2025","22,49","22,61","22,65","22,45","86,20K","-0,88%"
"09.01.2025","22,30","22,47","22,49","22,29","69,20K","-0,84%"
"10.01.2025","22,18","22,45","22,45","22,07","140,30K","-0,54%"
"13.01.2025","22,13","22,18","22,32","22,06","169,40K","-0,23%"
"14.01.2025","22,26","22,13","22,26","22,03","89,60K","0,59%"
"15.01.2025","22,23","22,30","22,42","22,00","218,40K","-0,13%"
"16.01.2025","22,14","22,24","22,32","22,02","142,20K","-0,40%"
"17.01.2025","22,43","22,07","22,62","22,07","187,00K","1,31%"
"20.01.2025","22,48","22,43","22,59","22,38","69,60K","0,22%"
"21.01.2025","22,35","22,48","22,59","22,26","104,00K","-0,58%"
"22.01.2025","22,72","22,35","22,72","22,18","184,50K","1,66%"
"23.01.2025","22,10","22,66","22,80","21,97","194,70K","-2,73%"
"24.01.2025","22,22","22,10","22,31","22,01","147,80K","0,54%"
"27.01.2025","22,59","22,26","22,80","22,14","240,20K","1,67%"
"28.01.2025","22,79","22,59","22,80","22,54","127,60K","0,89%"
"29.01.2025","22,45","22,67","22,90","22,45","120,00K","-1,49%"
"30.01.2025","23,05","22,57","23,05","22,57","200,20K","2,67%"
"31.01.2025","22,67","23,10","23,18","22,64","225,90K","-1,65%"
"03.02.2025","22,42","22,71","22,76","22,34","184,70K","-1,10%"
"04.02.2025","22,38","22,42","22,55","22,22","130,70K","-0,18%"
"05.02.2025","22,60","22,35","22,60","22,27","119,20K","0,98%"
"06.02.2025","22,72","22,60","22,73","22,44","137,10K","0,53%"
"07.02.2025","22,01","22,40","22,45","21,47","482,90K","-3,12%"
"10.02.2025","22,10","22,07","22,53","21,90","254,70K","0,41%"
"11.02.2025","22,15","22,44","22,44","22,07","167,40K","0,23%"
"12.02.2025","21,94","22,14","22,14","21,76","205,60K","-0,95%"
"13.02.2025","21,80","21,94","22,01","21,66","238,50K","-0,64%"
"14.02.2025","21,82","21,80","21,97","21,70","301,30K","0,09%"
"17.02.2025","21,90","21,82","22,06","21,81","276,70K","0,37%"
"18.02.2025","21,75","21,91","21,98","21,64","771,10K","-0,68%"
"19.02.2025","21,56","21,70","21,70","21,46","320,20K","-0,87%"
"20.02.2025","21,15","21,55","21,62","21,13","279,10K","-1,90%"
"21.02.2025","20,98","21,22","21,42","20,80","300,90K","-0,80%"
"24.02.2025","20,50","20,98","20,98","20,50","279,90K","-2,29%"
"25.02.2025","20,40","20,50","20,67","20,40","347,60K","-0,49%"
"26.02.2025","20,15","20,42","20,61","20,13","327,90K","-1,23%"
"27.02.2025","19,99","20,14","20,34","19,82","473,30K","-0,79%"
"28.02.2025","20,77","19,97","20,77","19,94","1,54M","3,90%"
"05.03.2025","20,63","20,61","20,82","20,48","272,00K","-0,67%"
"06.03.2025","20,96","20,60","21,37","20,60","326,80K","1,60%"
"07.03.2025","21,47","20,95","21,73","20,90","294,10K","2,43%"
"10.03.2025","21,28","21,44","21,52","21,20","180,00K","-0,88%"
"11.03.2025","21,17","21,28","21,28","20,99","135,30K","-0,52%"
"12.03.2025","21,43","21,17","21,46","21,16","93,50K","1,23%"
"13.03.2025","21,20","21,44","21,56","21,20","247,30K","-1,07%"
"14.03.2025","21,41","21,52","21,57","21,27","155,30K","0,99%"
"17.03.2025","21,90","21,51","22,01","21,35","173,00K","2,29%"
"18.03.2025","22,07","22,00","22,10","21,79","115,10K","0,78%"
"19.03.2025","22,03","22,08","22,26","21,98","136,90K","-0,18%"
"20.03.2025","22,00","22,27","22,42","22,00","145,40K","-0,14%"
"21.03.2025","22,55","21,96","22,55","21,87","131,70K","2,50%"
"24.03.2025","21,97","22,55","22,61","21,97","137,30K","-2,57%"
"25.03.2025","22,24","21,99","22,40","21,99","95,10K","1,23%"
"26.03.2025","22,00","22,29","22,43","21,97","192,40K","-1,08%"
"27.03.2025","22,17","21,98","22,26","21,97","84,20K","0,77%"
"28.03.2025","22,01","22,18","22,30","21,97","89,00K","-0,72%"
"31.03.2025","22,53","22,01","22,72","22,01","198,60K","2,36%"
"01.04.2025","22,84","22,53","22,90","22,41","186,30K","1,38%"
"02.04.2025","22,35","22,70","22,82","22,35","164,00K","-2,15%"
"03.04.2025","22,50","22,35","22,81","22,26","221,20K","0,67%"
"04.04.2025","22,39","22,50","22,67","22,14","258,20K","-0,49%"
"07.04.2025","22,00","22,22","22,42","21,89","316,20K","-1,74%"
"08.04.2025","21,32","22,00","22,18","21,25","411,10K","-3,09%"
"09.04.2025","21,94","21,20","21,98","21,19","237,30K","2,91%"
"10.04.2025","21,29","21,78","21,99","21,22","252,50K","-2,96%"
"11.04.2025","22,04","21,37","22,04","21,31","221,80K","3,52%"
"14.04.2025","22,45","22,04","22,62","22,04","209,00K","1,86%"
"15.04.2025","22,05","22,44","22,44","21,95","121,30K","-1,78%"
"16.04.2025","21,83","22,17","22,17","21,80","83,10K","-1,00%"
"17.04.2025","21,18","22,19","22,19","21,18","396,30K","-2,98%"
"22.04.2025","21,55","21,18","21,64","21,18","254,60K","1,75%"
"23.04.2025","21,74","21,59","21,99","21,59","171,50K","0,88%"
"24.04.2025","21,94","21,75","21,95","21,42","160,30K","0,92%"
"25.04.2025","21,56","21,94","22,09","21,50","164,60K","-1,73%"
"28.04.2025","21,42","21,58","21,84","21,42","160,70K","-0,65%"
"29.04.2025","21,25","21,36","21,85","21,25","193,10K","-0,79%"
"30.04.2025","21,18","21,31","21,50","21,13","231,70K","-0,33%"
"02.05.2025","20,85","21,08","21,26","20,85","285,60K","-1,56%"
"05.05.2025","20,64","20,96","21,09","20,63","204,50K","-1,01%"
"06.05.2025","20,99","20,84","20,99","20,60","225,50K","1,70%"
"07.05.2025","20,38","21,05","21,05","20,38","227,50K","-2,91%"
"08.05.2025","20,27","20,65","20,65","20,13","245,70K","-0,54%"
"09.05.2025","20,34","20,27","20,57","20,06","260,30K","0,35%"
"12.05.2025","20,26","20,55","20,55","20,17","197,70K","-0,39%"
"13.05.2025","20,70","20,26","20,70","20,21","193,60K","2,17%"
"14.05.2025","20,81","20,71","21,02","20,71","187,30K","0,53%"
"15.05.2025","21,41","20,82","21,47","20,82","153,00K","2,88%"
"16.05.2025","21,21","21,30","21,39","21,08","160,70K","-0,93%"
"19.05.2025","21,56","21,18","21,74","21,11","174,70K","1,65%"
"20.05.2025","21,27","21,57","21,57","21,20","92,90K","-1,35%"
"21.05.2025","21,09","21,26","21,38","20,96","126,60K","-0,85%"
"22.05.2025","20,99","21,18","21,31","20,79","115,10K","-0,47%"
"23.05.2025","21,30","20,99","21,38","20,82","97,30K","1,48%"
"26.05.2025","21,51","21,30","21,63","21,30","87,60K","0,99%"
"27.05.2025","21,52","21,51","21,77","21,48","171,30K","0,05%"
"28.05.2025","21,38","21,53","21,68","21,38","87,20K","-0,65%"
"29.05.2025","21,48","21,34","21,51","21,24","94,20K","0,47%"
"30.05.2025","21,02","21,54","21,54","21,02","138,40K","-2,14%"
"02.06.2025","21,05","21,12","21,41","20,88","143,00K","0,14%"
"03.06.2025","21,57","21,04","21,59","20,90","129,90K","2,47%"
"04.06.2025","21,22","21,58","21,64","21,21","130,30K","-1,62%"
"05.06.2025","21,23","21,22","21,34","21,12","103,40K","0,05%"
"06.06.2025","21,25","21,16","21,33","21,03","154,80K","0,09%"
"09.06.2025","20,96","21,19","21,19","20,73","148,10K","-1,36%"
"10.06.2025","20,87","20,99","21,15","20,80","101,80K","-0,43%"
"11.06.2025","21,09","21,01","21,18","20,81","82,30K","1,05%"
"12.06.2025","20,89","21,10","21,10","20,80","123,90K","-0,95%"
"13.06.2025","20,82","21,10","21,10","20,68","106,80K","-0,34%"
"16.06.2025","20,89","20,87","21,06","20,84","80,30K","0,34%"
"17.06.2025","20,82","21,00","21,12","20,77","143,60K","-0,34%"
"18.06.2025","20,47","20,83","20,89","20,44","253,40K","-1,68%"
"20.06.2025","20,76","20,40","20,76","19,61","616,90K","1,42%"
"23.06.2025","20,00","20,74","20,74","19,99","246,40K","-3,66%"
"24.06.2025","20,09","20,05","20,32","20,04","170,10K","0,45%"
"25.06.2025","20,20","20,19","20,24","20,00","199,80K","0,55%"
"26.06.2025","20,11","20,20","20,40","20,05","171,30K","-0,45%"
"27.06.2025","20,05","20,11","20,23","20,01","91,60K","-0,30%"
"30.06.2025","19,80","20,05","20,16","19,80","415,10K","-1,25%"
"01.07.2025","20,32","19,89","20,35","19,89","193,00K","2,63%"
"02.07.2025","20,22","20,40","20,58","19,98","163,80K","-0,49%"
"03.07.2025","20,40","20,22","20,44","20,08","104,30K","0,89%"
"04.07.2025","20,68","20,43","20,84","20,39","106,40K","1,37%"
"07.07.2025","20,61","20,80","20,82","20,31","131,40K","-0,34%"
"08.07.2025","20,74","20,65","20,80","20,46","131,70K","0,63%"
"09.07.2025","20,52","20,64","20,78","20,42","131,00K","-1,06%"
"10.07.2025","20,64","20,30","20,84","20,22","128,90K","0,58%"
"11.07.2025","20,80","20,64","20,80","20,48","104,50K","0,78%"
"14.07.2025","20,45","20,68","20,73","20,35","140,60K","-1,68%"
"15.07.2025","20,63","20,63","20,80","20,52","141,60K","0,88%"
"16.07.2025","20,86","20,63","20,86","20,50","188,60K","1,11%"
"17.07.2025","20,73","20,90","21,00","20,62","141,20K","-0,62%"
"18.07.2025","20,49","20,57","20,70","20,10","212,20K","-1,16%"
"21.07.2025","20,35","20,40","20,47","20,15","176,00K","-0,68%"
"22.07.2025","20,37","20,35","20,63","20,25","122,40K","0,10%"
"23.07.2025","20,43","20,33","20,50","20,25","135,90K","0,29%"
"24.07.2025","20,30","20,38","20,39","20,18","182,60K","-0,64%"
"25.07.2025","20,32","20,30","20,51","20,12","87,10K","0,10%"
"28.07.2025","20,31","20,36","20,36","20,15","135,20K","-0,05%"
"29.07.2025","20,45","20,47","20,48","20,27","68,60K","0,69%"
"30.07.2025","20,28","20,39","20,48","20,22","128,80K","-0,83%"
"31.07.2025","20,57","20,21","20,57","20,15","123,10K","1,43%"
"01.08.2025","20,48","20,55","20,68","20,28","127,20K","-0,44%"
"04.08.2025","20,35","20,48","20,59","20,34","103,20K","-0,63%"
"05.08.2025","20,29","20,29","20,50","20,23","101,80K","-0,29%"
"06.08.2025","20,35","20,20","20,43","20,20","73,00K","0,30%"
"07.08.2025","20,57","20,37","20,61","20,28","159,40K","1,08%"
"08.08.2025","20,34","20,36","20,50","20,29","91,70K","-1,12%"
"11.08.2025","20,20","20,27","20,29","20,15","129,80K","-0,69%"
"12.08.2025","20,33","20,29","20,52","20,27","165,60K","0,64%"
"13.08.2025","20,26","20,30","20,45","20,15","124,10K","-0,34%"
"14.08.2025","20,20","20,21","20,31","20,11","117,30K","-0,30%"
"15.08.2025","20,21","20,10","20,33","20,10","85,60K","0,05%"
"18.08.2025","20,38","20,12","20,44","20,12","97,80K","0,84%"
"19.08.2025","20,39","20,23","20,39","20,15","123,30K","0,05%"
"20.08.2025","20,49","20,30","20,58","20,30","86,00K","0,49%"
"21.08.2025","20,39","20,49","20,50","20,25","83,60K","-0,49%"
"22.08.2025","20,65","20,44","20,73","20,29","113,40K","1,28%"
"25.08.2025","20,61","20,65","20,80","20,50","121,20K","-0,19%"
"26.08.2025","20,58","20,61","20,70","20,44","72,20K","-0,15%"
"27.08.2025","20,75","20,70","20,88","20,59","108,20K","0,83%"
"28.08.2025","20,87","20,75","20,97","20,75","161,10K","0,58%"
"29.08.2025","21,27","20,97","21,32","20,83","224,70K","1,92%"
"01.09.2025","21,16","21,18","21,31","20,92","131,50K","-0,52%"
"02.09.2025","20,88","20,91","21,05","20,73","131,30K","-1,32%"
"03.09.2025","20,82","20,88","21,04","20,78","96,20K","-0,29%"
"04.09.2025","21,20","20,40","21,20","20,40","206,60K","1,83%"
"05.09.2025","20,87","21,08","21,25","20,77","148,70K","-1,56%"
"08.09.2025","20,58","20,87","20,91","20,48","124,00K","-1,39%"
"09.09.2025","20,51","20,50","20,68","20,50","114,00K","-0,34%"
"10.09.2025","20,76","20,52","20,76","20,46","116,70K","1,22%"
"11.09.2025","20,55","20,70","20,96","20,43","154,90K","-1,01%"
"12.09.2025","20,58","20,57","20,75","20,47","134,60K","0,15%"
"15.09.2025","20,61","20,58","20,73","20,49","158,00K","0,15%"
"16.09.2025","20,62","20,61","20,67","20,50","100,80K","0,05%"
"17.09.2025","20,52","20,64","20,77","20,52","169,80K","-0,48%"
"18.09.2025","20,45","20,78","20,78","20,33","159,50K","-0,34%"
"19.09.2025","20,47","20,37","20,63","20,37","128,80K","0,10%"
"22.09.2025","20,35","20,50","20,78","20,31","146,80K","-0,59%"
"23.09.2025","20,30","20,36","20,53","20,30","125,90K","-0,25%"
"24.09.2025","20,60","20,41","21,12","20,32","376,80K","1,48%"
"25.09.2025","20,30","20,35","20,45","20,15","295,80K","-1,46%"
"26.09.2025","20,51","20,08","20,70","20,07","268,90K","1,03%"
"29.09.2025","20,45","20,60","20,69","20,37","182,10K","-0,29%"
"30.09.2025","20,25","20,51","20,64","20,20","262,30K","-0,98%"
"01.10.2025","20,41","20,39","20,41","20,25","159,30K","0,79%"
"02.10.2025","20,30","20,38","20,40","20,19","211,50K","-0,54%"
"03.10.2025","20,51","20,29","20,58","20,24","171,80K","1,03%"
"06.10.2025","20,30","20,51","20,53","20,22","182,30K","-1,02%"
"07.10.2025","20,17","20,29","20,29","20,10","268,60K","-0,64%"
"08.10.2025","20,15","20,16","20,25","20,12","206,60K","-0,10%"
"09.10.2025","20,15","20,15","20,21","20,11","175,70K","0,00%"
"10.10.2025","20,23","20,16","20,25","20,11","167,20K","0,40%"
"13.10.2025","20,20","20,25","20,29","20,15","167,70K","-0,15%"
"14.10.2025","20,14","20,11","20,21","20,08","156,60K","-0,30%"
"15.10.2025","20,11","20,10","20,18","20,02","145,90K","-0,15%"
"16.10.2025","19,35","19,35","19,41","19,32","104,00K","-3,77%"
"17.10.2025","19,33","19,34","19,38","19,27","78,20K","-0,10%"
"20.10.2025","19,42","19,35","19,53","19,34","96,00K","0,45%"
"21.10.2025","19,42","19,48","19,51","19,38","82,30K","0,00%"
"22.10.2025","19,50","19,38","19,50","19,38","88,70K","0,40%"
"23.10.2025","19,48","19,77","19,98","19,33","342,40K","-0,09%"
"24.10.2025","19,70","19,50","19,70","19,43","140,00K","1,13%"
"27.10.2025","19,59","19,69","19,85","19,53","117,90K","-0,56%"
"28.10.2025","19,65","19,59","19,80","19,53","161,60K","0,31%"
"29.10.2025","19,67","19,65","19,80","19,61","132,00K","0,10%"
"30.10.2025","19,88","19,67","19,93","19,67","151,60K","1,07%"
"31.10.2025","19,98","19,92","20,09","19,89","156,00K","0,50%"
"03.11.2025","20,06","19,98","20,08","19,96","160,30K","0,40%"
"04.11.2025","20,36","19,95","20,36","19,95","136,30K","1,50%"
"05.11.2025","20,41","20,33","20,49","20,20","157,90K","0,25%"
"06.11.2025","19,95","20,40","20,42","19,91","115,00K","-2,25%"
"07.11.2025","19,90","19,90","19,93","19,51","213,30K","-0,25%"
"10.11.2025","19,76","19,86","19,86","19,69","130,10K","-0,70%"
"11.11.2025","19,93","19,77","20,00","19,77","283,90K","0,86%"
"12.11.2025","19,79","20,00","20,01","19,70","340,50K","-0,70%"
"13.11.2025","19,63","19,80","19,82","19,53","173,10K","-0,81%"
"14.11.2025","19,59","19,64","19,78","19,52","125,10K","-0,20%"
"17.11.2025","19,33","19,51","19,65","19,27","194,20K","-1,33%"
"18.11.2025","19,04","19,38","19,39","19,04","178,40K","-1,50%"
"19.11.2025","18,94","19,13","19,19","18,78","224,30K","-0,53%"
"21.11.2025","18,59","19,00","19,00","18,59","250,00K","-1,85%"
"24.11.2025","18,89","18,60","19,00","18,60","147,40K","1,61%"
"25.11.2025","18,76","18,88","18,97","18,73","135,40K","-0,69%"
"26.11.2025","19,27","18,89","19,28","18,78","133,20K","2,72%"
"27.11.2025","19,74","19,30","19,76","19,19","145,30K","2,44%"
"28.11.2025","19,90","19,74","19,90","19,61","151,50K","0,81%"
"01.12.2025","19,49","19,90","19,90","19,36","188,50K","-2,06%"
"02.12.2025","19,65","19,49","19,65","19,39","268,10K","0,82%"
"03.12.2025","19,90","19,64","20,09","19,50","259,20K","1,27%"
"04.12.2025","19,98","19,84","20,11","19,82","107,70K","0,40%"
"05.12.2025","20,25","19,91","20,25","19,76","305,10K","1,35%"
"08.12.2025","20,22","20,30","20,37","20,11","258,90K","-0,15%"
"09.12.2025","20,20","20,22","20,29","19,85","285,70K","-0,10%"
"10.12.2025","20,43","20,19","20,47","20,01","217,30K","1,14%"
"11.12.2025","20,45","20,47","20,58","20,25","173,30K","0,10%"
"12.12.2025","20,45","20,21","20,45","20,21","130,80K","0,00%"
"15.12.2025","20,16","20,31","20,38","19,89","197,60K","-1,42%"
"16.12.2025","20,14","20,16","20,19","19,95","129,40K","-0,10%"
"17.12.2025","19,96","20,14","20,20","19,91","139,50K","-0,89%"
"18.12.2025","19,93","20,00","20,08","19,87","121,00K","-0,15%"
"19.12.2025","19,62","19,95","20,12","19,62","218,40K","-1,56%"
"22.12.2025","20,10","19,65","20,23","19,65","113,50K","2,45%"
"23.12.2025","20,08","20,05","20,29","19,94","114,40K","-0,10%"
"26.12.2025","20,07","20,08","20,09","19,89","72,10K","-0,05%"
"29.12.2025","20,02","20,07","20,07","19,88","77,20K","-0,25%"
"30.12.2025","19,94","20,10","20,10","19,87","169,30K","-0,40%"
"02.01.2026","19,80","19,96","20,08","19,72","180,60K","-0,70%"
"05.01.2026","19,88","19,75","19,93","19,62","161,90K","0,40%"
"06.01.2026","19,84","19,88","19,99","19,74","127,80K","-0,20%"
"07.01.2026","19,63","19,84","19,84","19,51","140,10K","-1,06%"
"08.01.2026","20,03","19,64","20,10","19,56","139,80K","2,04%"
"09.01.2026","20,15","20,02","20,41","20,02","146,00K","0,60%"
"12.01.2026","20,14","20,15","20,15","19,92","117,80K","-0,05%"
"13.01.2026","20,13","19,86","20,13","19,86","113,30K","-0,05%"
"14.01.2026","20,37","20,00","20,48","19,97","166,40K","1,19%"
"15.01.2026","20,27","20,37","20,41","20,07","139,50K","-0,49%"
"16.01.2026","20,11","20,38","20,38","19,90","142,50K","-0,79%"
"19.01.2026","20,06","20,11","20,19","19,96","64,60K","-0,25%"
"20.01.2026","20,70","20,05","20,70","20,02","301,70K","3,19%"
"21.01.2026","21,16","20,62","21,32","20,62","225,90K","2,22%"
"22.01.2026","21,34","21,00","21,37","20,93","287,00K","0,85%"
"23.01.2026","21,62","21,34","21,62","21,02","143,10K","1,31%"
"26.01.2026","21,94","21,64","22,17","21,50","234,20K","1,48%"
"27.01.2026","21,81","21,94","22,21","21,81","167,60K","-0,59%"
"28.01.2026","21,88","21,75","21,95","21,62","163,60K","0,32%"
"29.01.2026","21,43","21,83","21,95","21,43","174,00K","-2,06%"
"30.01.2026","21,33","21,43","21,48","20,80","261,10K","-0,47%"
"02.02.2026","21,24","21,33","21,40","20,90","224,10K","-0,42%"
"03.02.2026","21,42","21,31","21,84","21,26","215,80K","0,85%"
"04.02.2026","20,24","21,45","21,57","20,23","363,90K","-5,51%"
"05.02.2026","20,06","20,35","20,47","19,93","168,80K","-0,89%"
"06.02.2026","20,18","20,05","20,33","19,76","206,00K","0,60%"
"09.02.2026","20,15","20,16","20,32","20,01","156,10K","-0,15%"
"10.02.2026","20,33","20,15","20,42","20,15","125,40K","0,89%"
"11.02.2026","20,57","20,45","20,69","20,37","197,40K","1,18%"
"12.02.2026","20,05","20,57","20,57","20,01","190,30K","-2,53%"
"13.02.2026","20,36","20,00","20,36","19,86","161,70K","1,55%"
"18.02.2026","20,37","20,36","20,44","20,05","95,10K","0,05%"
"19.02.2026","20,26","20,25","20,39","20,16","111,50K","-0,54%"
"20.02.2026","20,94","20,26","20,94","20,12","212,00K","3,36%"
"23.02.2026","20,91","20,95","21,15","20,71","201,00K","-0,14%"
"24.02.2026","21,59","20,92","21,59","20,88","168,40K","3,25%"
"25.02.2026","21,58","21,59","21,59","21,24","116,40K","-0,05%"
"26.02.2026","22,16","21,58","22,16","21,54","282,70K","2,69%"
"27.02.2026","21,38","22,16","22,16","21,24","264,30K","-3,52%"
"02.03.2026","21,36","21,01","21,90","20,95","181,90K","-0,09%"
"03.03.2026","21,16","21,26","21,45","20,90","224,10K","-0,94%"